device,timestamp,target_ip,target_name,latency_ms,success,tipo_ping
OLT Punto Rojo 1,2025-08-21T01:39:00.520508,138.59.18.180,SUTEL Local,9.365081787109375,True,Ping SUTEL Local Costa Rica
OLT Punto Rojo 1,2025-08-21T01:40:00.677584,138.59.18.180,SUTEL Local,2.1238327026367188,True,Ping SUTEL Local Costa Rica
OLT Punto Rojo 1,2025-08-21T01:47:00.560004,138.59.18.180,SUTEL Local,4.970312118530273,True,Ping SUTEL Local Costa Rica
OLT Punto Rojo 1,2025-08-21T01:48:00.624863,138.59.18.180,SUTEL Local,5.094051361083984,True,Ping SUTEL Local Costa Rica
OLT Punto Rojo 1,2025-08-21T01:49:00.697345,138.59.18.180,SUTEL Local,4.832983016967773,True,Ping SUTEL Local Costa Rica
OLT Punto Rojo 1,2025-08-21T01:50:00.762398,138.59.18.180,SUTEL Local,5.21397590637207,True,Ping SUTEL Local Costa Rica
OLT Punto Rojo 1,2025-08-21T01:51:00.833059,138.59.18.180,SUTEL Local,5.061626434326172,True,Ping SUTEL Local Costa Rica
OLT Punto Rojo 1,2025-08-21T01:52:00.891431,138.59.18.180,SUTEL Local,4.621982574462891,True,Ping SUTEL Local Costa Rica
OLT Punto Rojo 1,2025-08-21T01:53:00.957312,138.59.18.180,SUTEL Local,5.093574523925781,True,Ping SUTEL Local Costa Rica
OLT Punto Rojo 1,2025-08-21T01:54:01.021063,138.59.18.180,SUTEL Local,4.914999008178711,True,Ping SUTEL Local Costa Rica
OLT Punto Rojo 1,2025-08-21T01:55:01.080909,138.59.18.180,SUTEL Local,5.233049392700195,True,Ping SUTEL Local Costa Rica
OLT Punto Rojo 1,2025-08-21T01:56:01.132896,138.59.18.180,SUTEL Local,5.278587341308594,True,Ping SUTEL Local Costa Rica
OLT Punto Rojo 1,2025-08-21T01:57:01.200222,138.59.18.180,SUTEL Local,5.253314971923828,True,Ping SUTEL Local Costa Rica
OLT Punto Rojo 1,2025-08-21T01:58:01.262027,138.59.18.180,SUTEL Local,5.3558349609375,True,Ping SUTEL Local Costa Rica
OLT Punto Rojo 1,2025-08-21T01:59:01.323015,138.59.18.180,SUTEL Local,5.0411224365234375,True,Ping SUTEL Local Costa Rica
OLT Punto Rojo 1,2025-08-21T02:00:01.380249,138.59.18.180,SUTEL Local,4.271268844604492,True,Ping SUTEL Local Costa Rica
OLT Punto Rojo 1,2025-08-21T02:01:01.437223,138.59.18.180,SUTEL Local,5.313873291015625,True,Ping SUTEL Local Costa Rica
OLT Punto Rojo 1,2025-08-21T02:02:01.508078,138.59.18.180,SUTEL Local,5.296945571899414,True,Ping SUTEL Local Costa Rica
OLT Punto Rojo 1,2025-08-21T02:03:06.527685,138.59.18.180,SUTEL Local,4.280805587768555,True,Ping SUTEL Local Costa Rica
OLT Punto Rojo 1,2025-08-21T02:04:06.586064,138.59.18.180,SUTEL Local,4.7092437744140625,True,Ping SUTEL Local Costa Rica
OLT Punto Rojo 1,2025-08-21T02:05:06.649223,138.59.18.180,SUTEL Local,5.136013031005859,True,Ping SUTEL Local Costa Rica
OLT Punto Rojo 1,2025-08-21T02:06:06.721206,138.59.18.180,SUTEL Local,4.975795745849609,True,Ping SUTEL Local Costa Rica
OLT Punto Rojo 1,2025-08-21T02:07:06.773023,138.59.18.180,SUTEL Local,5.042552947998047,True,Ping SUTEL Local Costa Rica
OLT Punto Rojo 1,2025-08-21T02:08:06.826666,138.59.18.180,SUTEL Local,5.444049835205078,True,Ping SUTEL Local Costa Rica
OLT Punto Rojo 1,2025-08-21T02:09:06.890510,138.59.18.180,SUTEL Local,5.104303359985352,True,Ping SUTEL Local Costa Rica
OLT Punto Rojo 1,2025-08-21T02:10:06.940985,138.59.18.180,SUTEL Local,5.20014762878418,True,Ping SUTEL Local Costa Rica
OLT Punto Rojo 1,2025-08-21T02:11:06.996676,138.59.18.180,SUTEL Local,5.449056625366211,True,Ping SUTEL Local Costa Rica
OLT Punto Rojo 1,2025-08-21T02:12:07.058850,138.59.18.180,SUTEL Local,4.884481430053711,True,Ping SUTEL Local Costa Rica
OLT Punto Rojo 1,2025-08-21T02:13:07.130112,138.59.18.180,SUTEL Local,5.105018615722656,True,Ping SUTEL Local Costa Rica
OLT Punto Rojo 1,2025-08-21T02:14:07.193233,138.59.18.180,SUTEL Local,4.364967346191406,True,Ping SUTEL Local Costa Rica
OLT Punto Rojo 1,2025-08-21T02:15:07.256291,138.59.18.180,SUTEL Local,5.0106048583984375,True,Ping SUTEL Local Costa Rica
OLT Punto Rojo 1,2025-08-21T02:16:07.321482,138.59.18.180,SUTEL Local,4.937410354614258,True,Ping SUTEL Local Costa Rica
OLT Punto Rojo 1,2025-08-21T02:17:07.381056,138.59.18.180,SUTEL Local,4.929065704345703,True,Ping SUTEL Local Costa Rica
OLT Punto Rojo 1,2025-08-21T02:18:07.436921,138.59.18.180,SUTEL Local,4.570960998535156,True,Ping SUTEL Local Costa Rica
OLT Punto Rojo 1,2025-08-21T02:19:07.497037,138.59.18.180,SUTEL Local,4.966497421264648,True,Ping SUTEL Local Costa Rica
OLT Punto Rojo 1,2025-08-21T02:20:07.551488,138.59.18.180,SUTEL Local,4.845857620239258,True,Ping SUTEL Local Costa Rica
OLT Punto Rojo 1,2025-08-21T02:21:07.610733,138.59.18.180,SUTEL Local,5.151033401489258,True,Ping SUTEL Local Costa Rica
OLT Punto Rojo 1,2025-08-21T02:22:07.674904,138.59.18.180,SUTEL Local,5.248546600341797,True,Ping SUTEL Local Costa Rica
OLT Punto Rojo 1,2025-08-21T02:23:07.729504,138.59.18.180,SUTEL Local,5.190849304199219,True,Ping SUTEL Local Costa Rica
OLT Punto Rojo 1,2025-08-21T02:24:07.785477,138.59.18.180,SUTEL Local,5.046606063842773,True,Ping SUTEL Local Costa Rica
OLT Punto Rojo 1,2025-08-21T02:25:12.803763,138.59.18.180,SUTEL Local,4.985332489013672,True,Ping SUTEL Local Costa Rica
OLT Punto Rojo 1,2025-08-21T02:26:12.864030,138.59.18.180,SUTEL Local,5.491971969604492,True,Ping SUTEL Local Costa Rica
OLT Punto Rojo 1,2025-08-21T02:27:12.916901,138.59.18.180,SUTEL Local,4.991292953491211,True,Ping SUTEL Local Costa Rica
OLT Punto Rojo 1,2025-08-21T02:28:12.978024,138.59.18.180,SUTEL Local,5.047321319580078,True,Ping SUTEL Local Costa Rica
OLT Punto Rojo 1,2025-08-21T02:29:13.043492,138.59.18.180,SUTEL Local,5.347251892089844,True,Ping SUTEL Local Costa Rica
OLT Punto Rojo 1,2025-08-21T02:30:13.103556,138.59.18.180,SUTEL Local,3.298044204711914,True,Ping SUTEL Local Costa Rica
OLT Punto Rojo 1,2025-08-21T02:31:13.163832,138.59.18.180,SUTEL Local,5.106687545776367,True,Ping SUTEL Local Costa Rica
OLT Punto Rojo 1,2025-08-21T02:32:13.218472,138.59.18.180,SUTEL Local,4.80341911315918,True,Ping SUTEL Local Costa Rica
OLT Punto Rojo 1,2025-08-21T02:33:13.288581,138.59.18.180,SUTEL Local,4.891633987426758,True,Ping SUTEL Local Costa Rica
OLT Punto Rojo 1,2025-08-21T02:34:13.351902,138.59.18.180,SUTEL Local,4.96220588684082,True,Ping SUTEL Local Costa Rica
OLT Punto Rojo 1,2025-08-21T02:35:13.401740,138.59.18.180,SUTEL Local,4.904985427856445,True,Ping SUTEL Local Costa Rica
OLT Punto Rojo 1,2025-08-21T02:36:13.459348,138.59.18.180,SUTEL Local,4.164934158325195,True,Ping SUTEL Local Costa Rica
OLT Punto Rojo 1,2025-08-21T02:37:13.514751,138.59.18.180,SUTEL Local,5.242586135864258,True,Ping SUTEL Local Costa Rica
OLT Punto Rojo 1,2025-08-21T02:38:13.570742,138.59.18.180,SUTEL Local,5.076169967651367,True,Ping SUTEL Local Costa Rica
OLT Punto Rojo 1,2025-08-21T02:39:13.627223,138.59.18.180,SUTEL Local,4.823207855224609,True,Ping SUTEL Local Costa Rica
OLT Punto Rojo 1,2025-08-21T02:40:13.685042,138.59.18.180,SUTEL Local,5.096673965454102,True,Ping SUTEL Local Costa Rica
OLT Punto Rojo 1,2025-08-21T02:41:13.744647,138.59.18.180,SUTEL Local,4.837751388549805,True,Ping SUTEL Local Costa Rica
OLT Punto Rojo 1,2025-08-21T02:42:13.809042,138.59.18.180,SUTEL Local,4.308223724365234,True,Ping SUTEL Local Costa Rica
OLT Punto Rojo 1,2025-08-21T02:43:13.863305,138.59.18.180,SUTEL Local,4.954338073730469,True,Ping SUTEL Local Costa Rica
OLT Punto Rojo 1,2025-08-21T02:44:13.920739,138.59.18.180,SUTEL Local,5.456686019897461,True,Ping SUTEL Local Costa Rica
OLT Punto Rojo 1,2025-08-21T02:45:13.976565,138.59.18.180,SUTEL Local,5.214452743530273,True,Ping SUTEL Local Costa Rica
OLT Punto Rojo 1,2025-08-21T02:46:14.043007,138.59.18.180,SUTEL Local,4.737377166748047,True,Ping SUTEL Local Costa Rica
OLT Punto Rojo 1,2025-08-21T02:47:14.099502,138.59.18.180,SUTEL Local,5.227327346801758,True,Ping SUTEL Local Costa Rica
OLT Punto Rojo 1,2025-08-21T02:48:14.160466,138.59.18.180,SUTEL Local,5.196809768676758,True,Ping SUTEL Local Costa Rica
OLT Punto Rojo 1,2025-08-21T02:49:14.224077,138.59.18.180,SUTEL Local,5.129337310791016,True,Ping SUTEL Local Costa Rica
OLT Punto Rojo 1,2025-08-21T02:50:14.285971,138.59.18.180,SUTEL Local,5.122184753417969,True,Ping SUTEL Local Costa Rica
OLT Punto Rojo 1,2025-08-21T02:51:14.346400,138.59.18.180,SUTEL Local,4.719018936157227,True,Ping SUTEL Local Costa Rica
OLT Punto Rojo 1,2025-08-21T02:52:19.374039,138.59.18.180,SUTEL Local,4.942655563354492,True,Ping SUTEL Local Costa Rica
OLT Punto Rojo 1,2025-08-21T02:53:19.438709,138.59.18.180,SUTEL Local,4.89044189453125,True,Ping SUTEL Local Costa Rica
OLT Punto Rojo 1,2025-08-21T02:54:19.499107,138.59.18.180,SUTEL Local,3.7305355072021484,True,Ping SUTEL Local Costa Rica
OLT Punto Rojo 1,2025-08-21T02:55:19.558813,138.59.18.180,SUTEL Local,5.125999450683594,True,Ping SUTEL Local Costa Rica
OLT Punto Rojo 1,2025-08-21T02:56:19.617508,138.59.18.180,SUTEL Local,4.860639572143555,True,Ping SUTEL Local Costa Rica
OLT Punto Rojo 1,2025-08-21T02:57:19.670351,138.59.18.180,SUTEL Local,5.287408828735352,True,Ping SUTEL Local Costa Rica
OLT Punto Rojo 1,2025-08-21T02:58:19.725124,138.59.18.180,SUTEL Local,5.353450775146484,True,Ping SUTEL Local Costa Rica
OLT Punto Rojo 1,2025-08-21T02:59:24.737569,138.59.18.180,SUTEL Local,5.113840103149414,True,Ping SUTEL Local Costa Rica
OLT Punto Rojo 1,2025-08-21T03:00:24.794198,138.59.18.180,SUTEL Local,5.2471160888671875,True,Ping SUTEL Local Costa Rica
OLT Punto Rojo 1,2025-08-21T03:01:24.861310,138.59.18.180,SUTEL Local,5.143165588378906,True,Ping SUTEL Local Costa Rica
OLT Punto Rojo 1,2025-08-21T03:02:29.881427,138.59.18.180,SUTEL Local,5.277395248413086,True,Ping SUTEL Local Costa Rica
OLT Punto Rojo 1,2025-08-21T03:03:29.935450,138.59.18.180,SUTEL Local,5.096197128295898,True,Ping SUTEL Local Costa Rica
OLT Punto Rojo 1,2025-08-21T03:04:30.000529,138.59.18.180,SUTEL Local,5.592584609985352,True,Ping SUTEL Local Costa Rica
OLT Punto Rojo 1,2025-08-21T03:05:30.059183,138.59.18.180,SUTEL Local,5.078315734863281,True,Ping SUTEL Local Costa Rica
OLT Punto Rojo 1,2025-08-21T03:06:30.122227,138.59.18.180,SUTEL Local,4.767894744873047,True,Ping SUTEL Local Costa Rica
OLT Punto Rojo 1,2025-08-21T03:07:30.174695,138.59.18.180,SUTEL Local,5.197286605834961,True,Ping SUTEL Local Costa Rica
OLT Punto Rojo 1,2025-08-21T03:08:30.231161,138.59.18.180,SUTEL Local,5.237579345703125,True,Ping SUTEL Local Costa Rica
OLT Punto Rojo 1,2025-08-21T03:09:30.286340,138.59.18.180,SUTEL Local,4.9304962158203125,True,Ping SUTEL Local Costa Rica
OLT Punto Rojo 1,2025-08-21T03:10:30.357487,138.59.18.180,SUTEL Local,4.575014114379883,True,Ping SUTEL Local Costa Rica
OLT Punto Rojo 1,2025-08-21T03:11:30.414126,138.59.18.180,SUTEL Local,4.505634307861328,True,Ping SUTEL Local Costa Rica
OLT Punto Rojo 1,2025-08-21T03:12:30.474904,138.59.18.180,SUTEL Local,4.5166015625,True,Ping SUTEL Local Costa Rica
OLT Punto Rojo 1,2025-08-21T03:13:30.531477,138.59.18.180,SUTEL Local,5.469799041748047,True,Ping SUTEL Local Costa Rica
OLT Punto Rojo 1,2025-08-21T03:14:35.553066,138.59.18.180,SUTEL Local,4.884004592895508,True,Ping SUTEL Local Costa Rica
OLT Punto Rojo 1,2025-08-21T03:15:35.603446,138.59.18.180,SUTEL Local,5.391359329223633,True,Ping SUTEL Local Costa Rica
OLT Punto Rojo 1,2025-08-21T03:16:35.669080,138.59.18.180,SUTEL Local,4.966497421264648,True,Ping SUTEL Local Costa Rica
OLT Punto Rojo 1,2025-08-21T03:17:40.676886,138.59.18.180,SUTEL Local,5.455493927001953,True,Ping SUTEL Local Costa Rica
OLT Punto Rojo 1,2025-08-21T03:18:40.727026,138.59.18.180,SUTEL Local,5.084991455078125,True,Ping SUTEL Local Costa Rica
OLT Punto Rojo 1,2025-08-21T03:19:40.782803,138.59.18.180,SUTEL Local,4.946708679199219,True,Ping SUTEL Local Costa Rica
OLT Punto Rojo 1,2025-08-21T03:20:45.805827,138.59.18.180,SUTEL Local,5.09953498840332,True,Ping SUTEL Local Costa Rica
OLT Punto Rojo 1,2025-08-21T03:21:45.864771,138.59.18.180,SUTEL Local,5.154609680175781,True,Ping SUTEL Local Costa Rica
OLT Punto Rojo 1,2025-08-21T03:22:45.931701,138.59.18.180,SUTEL Local,5.291461944580078,True,Ping SUTEL Local Costa Rica
OLT Punto Rojo 1,2025-08-21T03:23:45.983155,138.59.18.180,SUTEL Local,4.87518310546875,True,Ping SUTEL Local Costa Rica
OLT Punto Rojo 1,2025-08-21T03:24:46.039120,138.59.18.180,SUTEL Local,6.7157745361328125,True,Ping SUTEL Local Costa Rica
OLT Punto Rojo 1,2025-08-21T03:25:51.063922,138.59.18.180,SUTEL Local,5.592823028564453,True,Ping SUTEL Local Costa Rica
OLT Punto Rojo 1,2025-08-21T03:26:51.116971,138.59.18.180,SUTEL Local,5.053281784057617,True,Ping SUTEL Local Costa Rica
OLT Punto Rojo 1,2025-08-21T03:27:51.176851,138.59.18.180,SUTEL Local,4.132270812988281,True,Ping SUTEL Local Costa Rica
OLT Punto Rojo 1,2025-08-21T03:28:51.234054,138.59.18.180,SUTEL Local,4.493951797485352,True,Ping SUTEL Local Costa Rica
OLT Punto Rojo 1,2025-08-21T03:29:51.283274,138.59.18.180,SUTEL Local,4.920721054077148,True,Ping SUTEL Local Costa Rica
OLT Punto Rojo 1,2025-08-21T03:30:51.333107,138.59.18.180,SUTEL Local,3.7958621978759766,True,Ping SUTEL Local Costa Rica
OLT Punto Rojo 1,2025-08-21T03:31:51.386702,138.59.18.180,SUTEL Local,4.511117935180664,True,Ping SUTEL Local Costa Rica
OLT Punto Rojo 1,2025-08-21T03:32:51.445143,138.59.18.180,SUTEL Local,5.055427551269531,True,Ping SUTEL Local Costa Rica
OLT Punto Rojo 1,2025-08-21T03:33:51.494396,138.59.18.180,SUTEL Local,5.285978317260742,True,Ping SUTEL Local Costa Rica
OLT Punto Rojo 1,2025-08-21T03:34:51.548242,138.59.18.180,SUTEL Local,5.425453186035156,True,Ping SUTEL Local Costa Rica
OLT Punto Rojo 1,2025-08-21T03:35:51.615906,138.59.18.180,SUTEL Local,4.117012023925781,True,Ping SUTEL Local Costa Rica
OLT Punto Rojo 1,2025-08-21T03:36:51.672722,138.59.18.180,SUTEL Local,5.220174789428711,True,Ping SUTEL Local Costa Rica
OLT Punto Rojo 1,2025-08-21T03:37:51.740420,138.59.18.180,SUTEL Local,4.901409149169922,True,Ping SUTEL Local Costa Rica
OLT Punto Rojo 1,2025-08-21T03:38:51.791400,138.59.18.180,SUTEL Local,5.403995513916016,True,Ping SUTEL Local Costa Rica
OLT Punto Rojo 1,2025-08-21T03:39:51.861980,138.59.18.180,SUTEL Local,4.889249801635742,True,Ping SUTEL Local Costa Rica
OLT Punto Rojo 1,2025-08-21T03:40:51.912678,138.59.18.180,SUTEL Local,4.909276962280273,True,Ping SUTEL Local Costa Rica
OLT Punto Rojo 1,2025-08-21T03:41:51.968699,138.59.18.180,SUTEL Local,4.787206649780273,True,Ping SUTEL Local Costa Rica
OLT Punto Rojo 1,2025-08-21T03:42:52.030580,138.59.18.180,SUTEL Local,5.249738693237305,True,Ping SUTEL Local Costa Rica
OLT Punto Rojo 1,2025-08-21T03:43:52.084245,138.59.18.180,SUTEL Local,4.527807235717773,True,Ping SUTEL Local Costa Rica
OLT Punto Rojo 1,2025-08-21T03:44:52.145319,138.59.18.180,SUTEL Local,5.00941276550293,True,Ping SUTEL Local Costa Rica
OLT Punto Rojo 1,2025-08-21T03:45:57.169414,138.59.18.180,SUTEL Local,4.41431999206543,True,Ping SUTEL Local Costa Rica
OLT Punto Rojo 1,2025-08-21T03:46:57.223551,138.59.18.180,SUTEL Local,5.139827728271484,True,Ping SUTEL Local Costa Rica
OLT Punto Rojo 1,2025-08-21T03:47:57.285696,138.59.18.180,SUTEL Local,4.915714263916016,True,Ping SUTEL Local Costa Rica
OLT Punto Rojo 1,2025-08-21T03:48:57.339806,138.59.18.180,SUTEL Local,5.243778228759766,True,Ping SUTEL Local Costa Rica
OLT Punto Rojo 1,2025-08-21T03:49:57.409517,138.59.18.180,SUTEL Local,4.441022872924805,True,Ping SUTEL Local Costa Rica
OLT Punto Rojo 1,2025-08-21T03:50:57.467120,138.59.18.180,SUTEL Local,4.950761795043945,True,Ping SUTEL Local Costa Rica
OLT Punto Rojo 1,2025-08-21T03:51:57.535421,138.59.18.180,SUTEL Local,5.066394805908203,True,Ping SUTEL Local Costa Rica
OLT Punto Rojo 1,2025-08-21T03:53:02.549313,138.59.18.180,SUTEL Local,5.188465118408203,True,Ping SUTEL Local Costa Rica
OLT Punto Rojo 1,2025-08-21T03:54:02.600612,138.59.18.180,SUTEL Local,4.7168731689453125,True,Ping SUTEL Local Costa Rica
OLT Punto Rojo 1,2025-08-21T03:55:02.653984,138.59.18.180,SUTEL Local,4.633903503417969,True,Ping SUTEL Local Costa Rica
OLT Punto Rojo 1,2025-08-21T03:56:02.714737,138.59.18.180,SUTEL Local,4.561185836791992,True,Ping SUTEL Local Costa Rica
OLT Punto Rojo 1,2025-08-21T03:57:02.784046,138.59.18.180,SUTEL Local,4.974126815795898,True,Ping SUTEL Local Costa Rica
OLT Punto Rojo 1,2025-08-21T03:58:02.835296,138.59.18.180,SUTEL Local,5.202770233154297,True,Ping SUTEL Local Costa Rica
OLT Punto Rojo 1,2025-08-21T03:59:02.887726,138.59.18.180,SUTEL Local,4.372596740722656,True,Ping SUTEL Local Costa Rica
OLT Punto Rojo 1,2025-08-21T04:00:07.914558,138.59.18.180,SUTEL Local,4.955768585205078,True,Ping SUTEL Local Costa Rica
OLT Punto Rojo 1,2025-08-21T04:01:07.977519,138.59.18.180,SUTEL Local,4.808664321899414,True,Ping SUTEL Local Costa Rica
OLT Punto Rojo 1,2025-08-21T04:02:08.043915,138.59.18.180,SUTEL Local,4.74238395690918,True,Ping SUTEL Local Costa Rica
OLT Punto Rojo 1,2025-08-21T04:03:08.107058,138.59.18.180,SUTEL Local,4.917621612548828,True,Ping SUTEL Local Costa Rica
OLT Punto Rojo 1,2025-08-21T04:04:08.166233,138.59.18.180,SUTEL Local,4.287242889404297,True,Ping SUTEL Local Costa Rica
OLT Punto Rojo 1,2025-08-21T04:05:08.225980,138.59.18.180,SUTEL Local,4.877567291259766,True,Ping SUTEL Local Costa Rica
OLT Punto Rojo 1,2025-08-21T04:06:08.286171,138.59.18.180,SUTEL Local,4.82177734375,True,Ping SUTEL Local Costa Rica
OLT Punto Rojo 1,2025-08-21T04:07:08.350163,138.59.18.180,SUTEL Local,5.012989044189453,True,Ping SUTEL Local Costa Rica
OLT Punto Rojo 1,2025-08-21T04:08:08.409020,138.59.18.180,SUTEL Local,4.58073616027832,True,Ping SUTEL Local Costa Rica
OLT Punto Rojo 1,2025-08-21T04:09:08.469850,138.59.18.180,SUTEL Local,4.677057266235352,True,Ping SUTEL Local Costa Rica
OLT Punto Rojo 1,2025-08-21T04:10:08.525333,138.59.18.180,SUTEL Local,4.906415939331055,True,Ping SUTEL Local Costa Rica
OLT Punto Rojo 1,2025-08-21T04:11:08.588255,138.59.18.180,SUTEL Local,4.891633987426758,True,Ping SUTEL Local Costa Rica
OLT Punto Rojo 1,2025-08-21T04:12:08.649939,138.59.18.180,SUTEL Local,5.376577377319336,True,Ping SUTEL Local Costa Rica
OLT Punto Rojo 1,2025-08-21T04:13:08.715485,138.59.18.180,SUTEL Local,5.17582893371582,True,Ping SUTEL Local Costa Rica
OLT Punto Rojo 1,2025-08-21T04:14:08.782348,138.59.18.180,SUTEL Local,5.289554595947266,True,Ping SUTEL Local Costa Rica
OLT Punto Rojo 1,2025-08-21T04:15:08.848663,138.59.18.180,SUTEL Local,5.161285400390625,True,Ping SUTEL Local Costa Rica
OLT Punto Rojo 1,2025-08-21T04:16:08.902002,138.59.18.180,SUTEL Local,4.968881607055664,True,Ping SUTEL Local Costa Rica
OLT Punto Rojo 1,2025-08-21T04:17:08.962932,138.59.18.180,SUTEL Local,97.30124473571777,True,Ping SUTEL Local Costa Rica
OLT Punto Rojo 1,2025-08-21T04:18:09.113791,138.59.18.180,SUTEL Local,4.78816032409668,True,Ping SUTEL Local Costa Rica
OLT Punto Rojo 1,2025-08-21T04:19:09.178776,138.59.18.180,SUTEL Local,5.105733871459961,True,Ping SUTEL Local Costa Rica
OLT Punto Rojo 1,2025-08-21T04:20:09.236236,138.59.18.180,SUTEL Local,4.94694709777832,True,Ping SUTEL Local Costa Rica
OLT Punto Rojo 1,2025-08-21T04:21:09.307807,138.59.18.180,SUTEL Local,5.1403045654296875,True,Ping SUTEL Local Costa Rica
OLT Punto Rojo 1,2025-08-21T04:22:14.317054,138.59.18.180,SUTEL Local,5.285501480102539,True,Ping SUTEL Local Costa Rica
OLT Punto Rojo 1,2025-08-21T04:23:14.379809,138.59.18.180,SUTEL Local,7.187128067016602,True,Ping SUTEL Local Costa Rica
OLT Punto Rojo 1,2025-08-21T04:24:14.433967,138.59.18.180,SUTEL Local,5.23066520690918,True,Ping SUTEL Local Costa Rica
OLT Punto Rojo 1,2025-08-21T04:25:14.492132,138.59.18.180,SUTEL Local,5.048274993896484,True,Ping SUTEL Local Costa Rica
OLT Punto Rojo 1,2025-08-21T04:26:14.554892,138.59.18.180,SUTEL Local,4.242420196533203,True,Ping SUTEL Local Costa Rica
OLT Punto Rojo 1,2025-08-21T04:27:14.610398,138.59.18.180,SUTEL Local,4.8618316650390625,True,Ping SUTEL Local Costa Rica
OLT Punto Rojo 1,2025-08-21T04:28:14.678760,138.59.18.180,SUTEL Local,5.367040634155273,True,Ping SUTEL Local Costa Rica
OLT Punto Rojo 1,2025-08-21T04:29:19.691116,138.59.18.180,SUTEL Local,4.705667495727539,True,Ping SUTEL Local Costa Rica
OLT Punto Rojo 1,2025-08-21T04:30:19.753776,138.59.18.180,SUTEL Local,5.178689956665039,True,Ping SUTEL Local Costa Rica
OLT Punto Rojo 1,2025-08-21T04:31:19.816544,138.59.18.180,SUTEL Local,4.948139190673828,True,Ping SUTEL Local Costa Rica
OLT Punto Rojo 1,2025-08-21T04:32:19.865890,138.59.18.180,SUTEL Local,5.146503448486328,True,Ping SUTEL Local Costa Rica
OLT Punto Rojo 1,2025-08-21T04:33:19.924332,138.59.18.180,SUTEL Local,5.087614059448242,True,Ping SUTEL Local Costa Rica
OLT Punto Rojo 1,2025-08-21T04:34:24.949340,138.59.18.180,SUTEL Local,5.048513412475586,True,Ping SUTEL Local Costa Rica
OLT Punto Rojo 1,2025-08-21T04:35:24.998376,138.59.18.180,SUTEL Local,5.034923553466797,True,Ping SUTEL Local Costa Rica
OLT Punto Rojo 1,2025-08-21T04:36:25.061305,138.59.18.180,SUTEL Local,5.085229873657227,True,Ping SUTEL Local Costa Rica
OLT Punto Rojo 1,2025-08-21T04:37:25.122100,138.59.18.180,SUTEL Local,4.89354133605957,True,Ping SUTEL Local Costa Rica
OLT Punto Rojo 1,2025-08-21T04:38:25.172581,138.59.18.180,SUTEL Local,,False,Ping SUTEL Local Costa Rica
OLT Punto Rojo 1,2025-08-21T04:39:30.241959,138.59.18.180,SUTEL Local,4.72569465637207,True,Ping SUTEL Local Costa Rica
OLT Punto Rojo 1,2025-08-21T04:40:30.303012,138.59.18.180,SUTEL Local,5.142450332641602,True,Ping SUTEL Local Costa Rica
OLT Punto Rojo 1,2025-08-21T04:41:30.364116,138.59.18.180,SUTEL Local,4.940986633300781,True,Ping SUTEL Local Costa Rica
OLT Punto Rojo 1,2025-08-21T04:42:30.431258,138.59.18.180,SUTEL Local,4.951000213623047,True,Ping SUTEL Local Costa Rica
OLT Punto Rojo 1,2025-08-21T04:43:30.489437,138.59.18.180,SUTEL Local,4.7588348388671875,True,Ping SUTEL Local Costa Rica
OLT Punto Rojo 1,2025-08-21T04:44:30.556824,138.59.18.180,SUTEL Local,4.599809646606445,True,Ping SUTEL Local Costa Rica
OLT Punto Rojo 1,2025-08-21T04:45:30.614548,138.59.18.180,SUTEL Local,4.625558853149414,True,Ping SUTEL Local Costa Rica
OLT Punto Rojo 1,2025-08-21T04:46:30.730642,138.59.18.180,SUTEL Local,4.719972610473633,True,Ping SUTEL Local Costa Rica
OLT Punto Rojo 1,2025-08-21T04:47:35.749936,138.59.18.180,SUTEL Local,5.258798599243164,True,Ping SUTEL Local Costa Rica
OLT Punto Rojo 1,2025-08-21T04:48:35.810781,138.59.18.180,SUTEL Local,5.127191543579102,True,Ping SUTEL Local Costa Rica
OLT Punto Rojo 1,2025-08-21T04:49:35.873607,138.59.18.180,SUTEL Local,5.042076110839844,True,Ping SUTEL Local Costa Rica
OLT Punto Rojo 1,2025-08-21T04:50:35.937001,138.59.18.180,SUTEL Local,4.288911819458008,True,Ping SUTEL Local Costa Rica
OLT Punto Rojo 1,2025-08-21T04:51:40.952508,138.59.18.180,SUTEL Local,5.0983428955078125,True,Ping SUTEL Local Costa Rica
OLT Punto Rojo 1,2025-08-21T04:52:41.008696,138.59.18.180,SUTEL Local,5.657434463500977,True,Ping SUTEL Local Costa Rica
OLT Punto Rojo 1,2025-08-21T04:53:41.062807,138.59.18.180,SUTEL Local,4.798412322998047,True,Ping SUTEL Local Costa Rica
OLT Punto Rojo 1,2025-08-21T04:54:41.126369,138.59.18.180,SUTEL Local,4.976749420166016,True,Ping SUTEL Local Costa Rica
OLT Punto Rojo 1,2025-08-21T04:55:46.134951,138.59.18.180,SUTEL Local,4.938840866088867,True,Ping SUTEL Local Costa Rica
OLT Punto Rojo 1,2025-08-21T04:56:46.196173,138.59.18.180,SUTEL Local,4.214763641357422,True,Ping SUTEL Local Costa Rica
OLT Punto Rojo 1,2025-08-21T04:57:46.258804,138.59.18.180,SUTEL Local,5.158424377441406,True,Ping SUTEL Local Costa Rica
OLT Punto Rojo 1,2025-08-21T04:58:46.321837,138.59.18.180,SUTEL Local,5.124092102050781,True,Ping SUTEL Local Costa Rica
OLT Punto Rojo 1,2025-08-21T04:59:46.393126,138.59.18.180,SUTEL Local,4.789113998413086,True,Ping SUTEL Local Costa Rica
OLT Punto Rojo 1,2025-08-21T05:00:46.453291,138.59.18.180,SUTEL Local,5.053520202636719,True,Ping SUTEL Local Costa Rica
OLT Punto Rojo 1,2025-08-21T05:01:46.515373,138.59.18.180,SUTEL Local,5.09333610534668,True,Ping SUTEL Local Costa Rica
OLT Punto Rojo 1,2025-08-21T05:02:46.572046,138.59.18.180,SUTEL Local,4.294395446777344,True,Ping SUTEL Local Costa Rica
OLT Punto Rojo 1,2025-08-21T05:03:46.635207,138.59.18.180,SUTEL Local,4.905939102172852,True,Ping SUTEL Local Costa Rica
OLT Punto Rojo 1,2025-08-21T05:04:46.698263,138.59.18.180,SUTEL Local,5.175352096557617,True,Ping SUTEL Local Costa Rica
OLT Punto Rojo 1,2025-08-21T05:05:46.759337,138.59.18.180,SUTEL Local,4.96673583984375,True,Ping SUTEL Local Costa Rica
OLT Punto Rojo 1,2025-08-21T05:06:46.828428,138.59.18.180,SUTEL Local,5.1555633544921875,True,Ping SUTEL Local Costa Rica
OLT Punto Rojo 1,2025-08-21T05:07:46.892442,138.59.18.180,SUTEL Local,5.253076553344727,True,Ping SUTEL Local Costa Rica
OLT Punto Rojo 1,2025-08-21T05:08:46.960801,138.59.18.180,SUTEL Local,3.482341766357422,True,Ping SUTEL Local Costa Rica
OLT Punto Rojo 1,2025-08-21T05:09:47.014311,138.59.18.180,SUTEL Local,5.502462387084961,True,Ping SUTEL Local Costa Rica
OLT Punto Rojo 1,2025-08-21T05:10:47.070862,138.59.18.180,SUTEL Local,5.948066711425781,True,Ping SUTEL Local Costa Rica
OLT Punto Rojo 1,2025-08-21T05:11:52.086718,138.59.18.180,SUTEL Local,4.89044189453125,True,Ping SUTEL Local Costa Rica
OLT Punto Rojo 1,2025-08-21T05:12:52.146821,138.59.18.180,SUTEL Local,4.651308059692383,True,Ping SUTEL Local Costa Rica
OLT Punto Rojo 1,2025-08-21T05:13:52.215876,138.59.18.180,SUTEL Local,4.767656326293945,True,Ping SUTEL Local Costa Rica
OLT Punto Rojo 1,2025-08-21T05:14:52.271478,138.59.18.180,SUTEL Local,4.3926239013671875,True,Ping SUTEL Local Costa Rica
OLT Punto Rojo 1,2025-08-21T05:15:52.324397,138.59.18.180,SUTEL Local,4.958868026733398,True,Ping SUTEL Local Costa Rica
OLT Punto Rojo 1,2025-08-21T05:16:52.377418,138.59.18.180,SUTEL Local,5.2242279052734375,True,Ping SUTEL Local Costa Rica
OLT Punto Rojo 1,2025-08-21T05:17:52.439063,138.59.18.180,SUTEL Local,5.071878433227539,True,Ping SUTEL Local Costa Rica
OLT Punto Rojo 1,2025-08-21T05:18:52.488375,138.59.18.180,SUTEL Local,4.784584045410156,True,Ping SUTEL Local Costa Rica
OLT Punto Rojo 1,2025-08-21T05:19:52.551706,138.59.18.180,SUTEL Local,5.147695541381836,True,Ping SUTEL Local Costa Rica
OLT Punto Rojo 1,2025-08-21T05:20:52.611145,138.59.18.180,SUTEL Local,4.77910041809082,True,Ping SUTEL Local Costa Rica
OLT Punto Rojo 1,2025-08-21T05:21:52.674850,138.59.18.180,SUTEL Local,4.947185516357422,True,Ping SUTEL Local Costa Rica
OLT Punto Rojo 1,2025-08-21T05:22:52.740330,138.59.18.180,SUTEL Local,5.250453948974609,True,Ping SUTEL Local Costa Rica
OLT Punto Rojo 1,2025-08-21T05:23:52.788460,138.59.18.180,SUTEL Local,5.031585693359375,True,Ping SUTEL Local Costa Rica
OLT Punto Rojo 1,2025-08-21T05:24:52.852602,138.59.18.180,SUTEL Local,5.084037780761719,True,Ping SUTEL Local Costa Rica
OLT Punto Rojo 1,2025-08-21T05:25:52.920306,138.59.18.180,SUTEL Local,5.056142807006836,True,Ping SUTEL Local Costa Rica
OLT Punto Rojo 1,2025-08-21T05:26:52.981681,138.59.18.180,SUTEL Local,5.148172378540039,True,Ping SUTEL Local Costa Rica
OLT Punto Rojo 1,2025-08-21T05:27:53.037194,138.59.18.180,SUTEL Local,5.127429962158203,True,Ping SUTEL Local Costa Rica
OLT Punto Rojo 1,2025-08-21T05:28:53.099177,138.59.18.180,SUTEL Local,4.7893524169921875,True,Ping SUTEL Local Costa Rica
OLT Punto Rojo 1,2025-08-21T05:29:53.155153,138.59.18.180,SUTEL Local,4.853725433349609,True,Ping SUTEL Local Costa Rica
OLT Punto Rojo 1,2025-08-21T05:30:53.214530,138.59.18.180,SUTEL Local,5.032062530517578,True,Ping SUTEL Local Costa Rica
OLT Punto Rojo 1,2025-08-21T05:31:53.274264,138.59.18.180,SUTEL Local,4.452705383300781,True,Ping SUTEL Local Costa Rica
OLT Punto Rojo 1,2025-08-21T05:32:53.334731,138.59.18.180,SUTEL Local,4.951953887939453,True,Ping SUTEL Local Costa Rica
OLT Punto Rojo 1,2025-08-21T05:33:53.384863,138.59.18.180,SUTEL Local,3.5712718963623047,True,Ping SUTEL Local Costa Rica
OLT Punto Rojo 1,2025-08-21T05:34:53.435275,138.59.18.180,SUTEL Local,4.80961799621582,True,Ping SUTEL Local Costa Rica
OLT Punto Rojo 1,2025-08-21T05:35:53.490419,138.59.18.180,SUTEL Local,5.049228668212891,True,Ping SUTEL Local Costa Rica
OLT Punto Rojo 1,2025-08-21T05:36:53.548324,138.59.18.180,SUTEL Local,5.623579025268555,True,Ping SUTEL Local Costa Rica
OLT Punto Rojo 1,2025-08-21T05:37:53.611830,138.59.18.180,SUTEL Local,4.764080047607422,True,Ping SUTEL Local Costa Rica
OLT Punto Rojo 1,2025-08-21T05:38:53.670586,138.59.18.180,SUTEL Local,5.278825759887695,True,Ping SUTEL Local Costa Rica
OLT Punto Rojo 1,2025-08-21T05:39:53.728879,138.59.18.180,SUTEL Local,4.429817199707031,True,Ping SUTEL Local Costa Rica
OLT Punto Rojo 1,2025-08-21T05:40:53.792809,138.59.18.180,SUTEL Local,4.90570068359375,True,Ping SUTEL Local Costa Rica
OLT Punto Rojo 1,2025-08-21T05:41:53.851894,138.59.18.180,SUTEL Local,5.052089691162109,True,Ping SUTEL Local Costa Rica
OLT Punto Rojo 1,2025-08-21T05:42:53.915940,138.59.18.180,SUTEL Local,5.148887634277344,True,Ping SUTEL Local Costa Rica
OLT Punto Rojo 1,2025-08-21T05:43:53.975226,138.59.18.180,SUTEL Local,5.142688751220703,True,Ping SUTEL Local Costa Rica
OLT Punto Rojo 1,2025-08-21T05:44:54.034600,138.59.18.180,SUTEL Local,5.084753036499023,True,Ping SUTEL Local Costa Rica
OLT Punto Rojo 1,2025-08-21T05:45:54.103850,138.59.18.180,SUTEL Local,4.313230514526367,True,Ping SUTEL Local Costa Rica
OLT Punto Rojo 1,2025-08-21T05:46:54.162494,138.59.18.180,SUTEL Local,5.017995834350586,True,Ping SUTEL Local Costa Rica
OLT Punto Rojo 1,2025-08-21T05:47:54.216590,138.59.18.180,SUTEL Local,5.120038986206055,True,Ping SUTEL Local Costa Rica
OLT Punto Rojo 1,2025-08-21T05:48:54.278354,138.59.18.180,SUTEL Local,5.203723907470703,True,Ping SUTEL Local Costa Rica
OLT Punto Rojo 1,2025-08-21T05:49:54.339708,138.59.18.180,SUTEL Local,4.705905914306641,True,Ping SUTEL Local Costa Rica
OLT Punto Rojo 1,2025-08-21T05:50:54.409664,138.59.18.180,SUTEL Local,5.040884017944336,True,Ping SUTEL Local Costa Rica
OLT Punto Rojo 1,2025-08-21T05:51:54.467618,138.59.18.180,SUTEL Local,4.639863967895508,True,Ping SUTEL Local Costa Rica
OLT Punto Rojo 1,2025-08-21T05:52:54.527137,138.59.18.180,SUTEL Local,5.068540573120117,True,Ping SUTEL Local Costa Rica
OLT Punto Rojo 1,2025-08-21T05:53:54.589394,138.59.18.180,SUTEL Local,5.036354064941406,True,Ping SUTEL Local Costa Rica
OLT Punto Rojo 1,2025-08-21T05:54:54.651927,138.59.18.180,SUTEL Local,4.942893981933594,True,Ping SUTEL Local Costa Rica
OLT Punto Rojo 1,2025-08-21T05:55:54.711994,138.59.18.180,SUTEL Local,5.066871643066406,True,Ping SUTEL Local Costa Rica
OLT Punto Rojo 1,2025-08-21T05:56:54.778863,138.59.18.180,SUTEL Local,5.244970321655273,True,Ping SUTEL Local Costa Rica
OLT Punto Rojo 1,2025-08-21T05:57:54.839802,138.59.18.180,SUTEL Local,4.690885543823242,True,Ping SUTEL Local Costa Rica
OLT Punto Rojo 1,2025-08-21T05:58:54.894851,138.59.18.180,SUTEL Local,5.17582893371582,True,Ping SUTEL Local Costa Rica
OLT Punto Rojo 1,2025-08-21T05:59:54.956231,138.59.18.180,SUTEL Local,5.278587341308594,True,Ping SUTEL Local Costa Rica
OLT Punto Rojo 1,2025-08-21T06:00:55.024850,138.59.18.180,SUTEL Local,5.130767822265625,True,Ping SUTEL Local Costa Rica
OLT Punto Rojo 1,2025-08-21T06:01:55.086798,138.59.18.180,SUTEL Local,5.190134048461914,True,Ping SUTEL Local Costa Rica
OLT Punto Rojo 1,2025-08-21T06:02:55.151813,138.59.18.180,SUTEL Local,5.33294677734375,True,Ping SUTEL Local Costa Rica
OLT Punto Rojo 1,2025-08-21T06:03:55.221503,138.59.18.180,SUTEL Local,5.52821159362793,True,Ping SUTEL Local Costa Rica
OLT Punto Rojo 1,2025-08-21T06:04:55.290877,138.59.18.180,SUTEL Local,5.190134048461914,True,Ping SUTEL Local Costa Rica
OLT Punto Rojo 1,2025-08-21T06:05:55.357798,138.59.18.180,SUTEL Local,4.748106002807617,True,Ping SUTEL Local Costa Rica
OLT Punto Rojo 1,2025-08-21T06:06:55.423585,138.59.18.180,SUTEL Local,5.2032470703125,True,Ping SUTEL Local Costa Rica
OLT Punto Rojo 1,2025-08-21T06:07:55.475525,138.59.18.180,SUTEL Local,5.190372467041016,True,Ping SUTEL Local Costa Rica
OLT Punto Rojo 1,2025-08-21T06:08:55.546978,138.59.18.180,SUTEL Local,5.060434341430664,True,Ping SUTEL Local Costa Rica
OLT Punto Rojo 1,2025-08-21T06:10:00.575430,138.59.18.180,SUTEL Local,3.654956817626953,True,Ping SUTEL Local Costa Rica
OLT Punto Rojo 1,2025-08-21T06:11:00.641784,138.59.18.180,SUTEL Local,4.86302375793457,True,Ping SUTEL Local Costa Rica
OLT Punto Rojo 1,2025-08-21T06:12:00.697815,138.59.18.180,SUTEL Local,5.2356719970703125,True,Ping SUTEL Local Costa Rica
OLT Punto Rojo 1,2025-08-21T06:13:00.760791,138.59.18.180,SUTEL Local,4.957914352416992,True,Ping SUTEL Local Costa Rica
OLT Punto Rojo 1,2025-08-21T06:14:00.818485,138.59.18.180,SUTEL Local,4.958152770996094,True,Ping SUTEL Local Costa Rica
OLT Punto Rojo 1,2025-08-21T06:15:00.878863,138.59.18.180,SUTEL Local,5.028486251831055,True,Ping SUTEL Local Costa Rica
OLT Punto Rojo 1,2025-08-21T06:16:00.941436,138.59.18.180,SUTEL Local,,False,Ping SUTEL Local Costa Rica
OLT Punto Rojo 1,2025-08-21T06:17:06.010446,138.59.18.180,SUTEL Local,5.55109977722168,True,Ping SUTEL Local Costa Rica
OLT Punto Rojo 1,2025-08-21T06:18:06.073713,138.59.18.180,SUTEL Local,4.881143569946289,True,Ping SUTEL Local Costa Rica
OLT Punto Rojo 1,2025-08-21T06:19:06.139202,138.59.18.180,SUTEL Local,5.130529403686523,True,Ping SUTEL Local Costa Rica
OLT Punto Rojo 1,2025-08-21T06:20:06.194766,138.59.18.180,SUTEL Local,5.134820938110352,True,Ping SUTEL Local Costa Rica
OLT Punto Rojo 1,2025-08-21T06:21:06.260066,138.59.18.180,SUTEL Local,5.0449371337890625,True,Ping SUTEL Local Costa Rica
OLT Punto Rojo 1,2025-08-21T06:22:11.277260,138.59.18.180,SUTEL Local,3.6954879760742188,True,Ping SUTEL Local Costa Rica
OLT Punto Rojo 1,2025-08-21T06:23:11.328855,138.59.18.180,SUTEL Local,5.422830581665039,True,Ping SUTEL Local Costa Rica
OLT Punto Rojo 1,2025-08-21T06:24:11.380940,138.59.18.180,SUTEL Local,4.897832870483398,True,Ping SUTEL Local Costa Rica
OLT Punto Rojo 1,2025-08-21T06:25:11.436286,138.59.18.180,SUTEL Local,5.16057014465332,True,Ping SUTEL Local Costa Rica
OLT Punto Rojo 1,2025-08-21T06:26:16.456765,138.59.18.180,SUTEL Local,5.270481109619141,True,Ping SUTEL Local Costa Rica
OLT Punto Rojo 1,2025-08-21T06:27:16.519695,138.59.18.180,SUTEL Local,5.015134811401367,True,Ping SUTEL Local Costa Rica
OLT Punto Rojo 1,2025-08-21T06:28:16.571750,138.59.18.180,SUTEL Local,3.7832260131835938,True,Ping SUTEL Local Costa Rica
OLT Punto Rojo 1,2025-08-21T06:29:16.623000,138.59.18.180,SUTEL Local,5.129098892211914,True,Ping SUTEL Local Costa Rica
OLT Punto Rojo 1,2025-08-21T06:30:16.682445,138.59.18.180,SUTEL Local,5.017995834350586,True,Ping SUTEL Local Costa Rica
OLT Punto Rojo 1,2025-08-21T06:31:16.740558,138.59.18.180,SUTEL Local,5.141973495483398,True,Ping SUTEL Local Costa Rica
OLT Punto Rojo 1,2025-08-21T06:32:16.809685,138.59.18.180,SUTEL Local,5.336999893188477,True,Ping SUTEL Local Costa Rica
OLT Punto Rojo 1,2025-08-21T06:33:16.865338,138.59.18.180,SUTEL Local,5.162239074707031,True,Ping SUTEL Local Costa Rica
OLT Punto Rojo 1,2025-08-21T06:34:16.920419,138.59.18.180,SUTEL Local,5.115032196044922,True,Ping SUTEL Local Costa Rica
OLT Punto Rojo 1,2025-08-21T06:35:16.980843,138.59.18.180,SUTEL Local,4.72712516784668,True,Ping SUTEL Local Costa Rica
OLT Punto Rojo 1,2025-08-21T06:36:17.046240,138.59.18.180,SUTEL Local,5.064725875854492,True,Ping SUTEL Local Costa Rica
OLT Punto Rojo 1,2025-08-21T06:37:17.111665,138.59.18.180,SUTEL Local,5.103111267089844,True,Ping SUTEL Local Costa Rica
OLT Punto Rojo 1,2025-08-21T06:38:17.163728,138.59.18.180,SUTEL Local,4.327297210693359,True,Ping SUTEL Local Costa Rica
OLT Punto Rojo 1,2025-08-21T06:39:17.218051,138.59.18.180,SUTEL Local,5.099296569824219,True,Ping SUTEL Local Costa Rica
OLT Punto Rojo 1,2025-08-21T06:40:17.282483,138.59.18.180,SUTEL Local,4.969120025634766,True,Ping SUTEL Local Costa Rica
OLT Punto Rojo 1,2025-08-21T06:41:17.343149,138.59.18.180,SUTEL Local,4.231691360473633,True,Ping SUTEL Local Costa Rica
OLT Punto Rojo 1,2025-08-21T06:42:17.394731,138.59.18.180,SUTEL Local,5.063772201538086,True,Ping SUTEL Local Costa Rica
OLT Punto Rojo 1,2025-08-21T06:43:17.448341,138.59.18.180,SUTEL Local,5.336761474609375,True,Ping SUTEL Local Costa Rica
OLT Punto Rojo 1,2025-08-21T06:44:17.508362,138.59.18.180,SUTEL Local,4.179716110229492,True,Ping SUTEL Local Costa Rica
OLT Punto Rojo 1,2025-08-21T06:45:17.570799,138.59.18.180,SUTEL Local,4.881620407104492,True,Ping SUTEL Local Costa Rica
OLT Punto Rojo 1,2025-08-21T06:46:17.627198,138.59.18.180,SUTEL Local,5.181312561035156,True,Ping SUTEL Local Costa Rica
OLT Punto Rojo 1,2025-08-21T06:47:17.691187,138.59.18.180,SUTEL Local,3.5893917083740234,True,Ping SUTEL Local Costa Rica
OLT Punto Rojo 1,2025-08-21T06:48:17.749021,138.59.18.180,SUTEL Local,4.997014999389648,True,Ping SUTEL Local Costa Rica
OLT Punto Rojo 1,2025-08-21T06:49:17.814674,138.59.18.180,SUTEL Local,4.899024963378906,True,Ping SUTEL Local Costa Rica
OLT Punto Rojo 1,2025-08-21T06:50:17.881646,138.59.18.180,SUTEL Local,4.792690277099609,True,Ping SUTEL Local Costa Rica
OLT Punto Rojo 1,2025-08-21T06:51:17.942844,138.59.18.180,SUTEL Local,4.522800445556641,True,Ping SUTEL Local Costa Rica
OLT Punto Rojo 1,2025-08-21T06:52:18.009224,138.59.18.180,SUTEL Local,5.109548568725586,True,Ping SUTEL Local Costa Rica
OLT Punto Rojo 1,2025-08-21T06:53:18.073871,138.59.18.180,SUTEL Local,4.08935546875,True,Ping SUTEL Local Costa Rica
OLT Punto Rojo 1,2025-08-21T06:54:18.135310,138.59.18.180,SUTEL Local,5.274772644042969,True,Ping SUTEL Local Costa Rica
OLT Punto Rojo 1,2025-08-21T06:55:23.162628,138.59.18.180,SUTEL Local,4.653453826904297,True,Ping SUTEL Local Costa Rica
OLT Punto Rojo 1,2025-08-21T06:56:23.222239,138.59.18.180,SUTEL Local,5.066871643066406,True,Ping SUTEL Local Costa Rica
OLT Punto Rojo 1,2025-08-21T06:57:23.281975,138.59.18.180,SUTEL Local,5.149126052856445,True,Ping SUTEL Local Costa Rica
OLT Punto Rojo 1,2025-08-21T06:58:23.333227,138.59.18.180,SUTEL Local,4.66609001159668,True,Ping SUTEL Local Costa Rica
OLT Punto Rojo 1,2025-08-21T06:59:23.396837,138.59.18.180,SUTEL Local,5.163669586181641,True,Ping SUTEL Local Costa Rica
OLT Punto Rojo 1,2025-08-21T07:00:23.459249,138.59.18.180,SUTEL Local,5.160808563232422,True,Ping SUTEL Local Costa Rica
OLT Punto Rojo 1,2025-08-21T07:01:23.512701,138.59.18.180,SUTEL Local,4.783153533935547,True,Ping SUTEL Local Costa Rica
OLT Punto Rojo 1,2025-08-21T07:02:23.571144,138.59.18.180,SUTEL Local,5.156993865966797,True,Ping SUTEL Local Costa Rica
OLT Punto Rojo 1,2025-08-21T07:03:23.629537,138.59.18.180,SUTEL Local,5.006074905395508,True,Ping SUTEL Local Costa Rica
OLT Punto Rojo 1,2025-08-21T07:04:23.685554,138.59.18.180,SUTEL Local,5.34367561340332,True,Ping SUTEL Local Costa Rica
OLT Punto Rojo 1,2025-08-21T07:05:23.742738,138.59.18.180,SUTEL Local,5.29026985168457,True,Ping SUTEL Local Costa Rica
OLT Punto Rojo 1,2025-08-21T07:06:23.797855,138.59.18.180,SUTEL Local,5.20634651184082,True,Ping SUTEL Local Costa Rica
OLT Punto Rojo 1,2025-08-21T07:07:23.860101,138.59.18.180,SUTEL Local,5.03993034362793,True,Ping SUTEL Local Costa Rica
OLT Punto Rojo 1,2025-08-21T07:08:23.920806,138.59.18.180,SUTEL Local,5.353450775146484,True,Ping SUTEL Local Costa Rica
OLT Punto Rojo 1,2025-08-21T07:09:23.972944,138.59.18.180,SUTEL Local,4.899501800537109,True,Ping SUTEL Local Costa Rica
OLT Punto Rojo 1,2025-08-21T07:10:24.033413,138.59.18.180,SUTEL Local,4.544258117675781,True,Ping SUTEL Local Costa Rica
OLT Punto Rojo 1,2025-08-21T07:11:24.094561,138.59.18.180,SUTEL Local,3.9861202239990234,True,Ping SUTEL Local Costa Rica
OLT Punto Rojo 1,2025-08-21T07:12:24.147416,138.59.18.180,SUTEL Local,4.90570068359375,True,Ping SUTEL Local Costa Rica
OLT Punto Rojo 1,2025-08-21T07:13:24.209945,138.59.18.180,SUTEL Local,5.198001861572266,True,Ping SUTEL Local Costa Rica
OLT Punto Rojo 1,2025-08-21T07:14:24.271126,138.59.18.180,SUTEL Local,5.002498626708984,True,Ping SUTEL Local Costa Rica
OLT Punto Rojo 1,2025-08-21T07:15:24.334769,138.59.18.180,SUTEL Local,5.083799362182617,True,Ping SUTEL Local Costa Rica
OLT Punto Rojo 1,2025-08-21T07:16:29.360126,138.59.18.180,SUTEL Local,5.173683166503906,True,Ping SUTEL Local Costa Rica
OLT Punto Rojo 1,2025-08-21T07:17:29.423142,138.59.18.180,SUTEL Local,4.179954528808594,True,Ping SUTEL Local Costa Rica
OLT Punto Rojo 1,2025-08-21T07:18:29.477647,138.59.18.180,SUTEL Local,4.861116409301758,True,Ping SUTEL Local Costa Rica
OLT Punto Rojo 1,2025-08-21T07:19:29.538796,138.59.18.180,SUTEL Local,4.98652458190918,True,Ping SUTEL Local Costa Rica
OLT Punto Rojo 1,2025-08-21T07:20:29.602135,138.59.18.180,SUTEL Local,5.357980728149414,True,Ping SUTEL Local Costa Rica
OLT Punto Rojo 1,2025-08-21T07:21:29.663677,138.59.18.180,SUTEL Local,4.848003387451172,True,Ping SUTEL Local Costa Rica
OLT Punto Rojo 1,2025-08-21T07:22:29.718372,138.59.18.180,SUTEL Local,4.878044128417969,True,Ping SUTEL Local Costa Rica
OLT Punto Rojo 1,2025-08-21T07:23:29.789541,138.59.18.180,SUTEL Local,3.874063491821289,True,Ping SUTEL Local Costa Rica
OLT Punto Rojo 1,2025-08-21T07:24:29.844966,138.59.18.180,SUTEL Local,5.103349685668945,True,Ping SUTEL Local Costa Rica
OLT Punto Rojo 1,2025-08-21T07:25:29.908117,138.59.18.180,SUTEL Local,5.039453506469727,True,Ping SUTEL Local Costa Rica
OLT Punto Rojo 1,2025-08-21T07:26:29.976570,138.59.18.180,SUTEL Local,4.8923492431640625,True,Ping SUTEL Local Costa Rica
OLT Punto Rojo 1,2025-08-21T07:27:30.040703,138.59.18.180,SUTEL Local,5.057573318481445,True,Ping SUTEL Local Costa Rica
OLT Punto Rojo 1,2025-08-21T07:28:30.100356,138.59.18.180,SUTEL Local,4.103422164916992,True,Ping SUTEL Local Costa Rica
OLT Punto Rojo 1,2025-08-21T07:29:30.163478,138.59.18.180,SUTEL Local,3.305196762084961,True,Ping SUTEL Local Costa Rica
OLT Punto Rojo 1,2025-08-21T07:30:30.219829,138.59.18.180,SUTEL Local,4.871129989624023,True,Ping SUTEL Local Costa Rica
OLT Punto Rojo 1,2025-08-21T07:31:30.282018,138.59.18.180,SUTEL Local,5.047082901000977,True,Ping SUTEL Local Costa Rica
OLT Punto Rojo 1,2025-08-21T07:32:30.337205,138.59.18.180,SUTEL Local,5.241155624389648,True,Ping SUTEL Local Costa Rica
OLT Punto Rojo 1,2025-08-21T07:33:35.356868,138.59.18.180,SUTEL Local,5.219459533691406,True,Ping SUTEL Local Costa Rica
OLT Punto Rojo 1,2025-08-21T07:34:35.420842,138.59.18.180,SUTEL Local,5.421876907348633,True,Ping SUTEL Local Costa Rica
OLT Punto Rojo 1,2025-08-21T07:35:35.475134,138.59.18.180,SUTEL Local,3.56292724609375,True,Ping SUTEL Local Costa Rica
OLT Punto Rojo 1,2025-08-21T07:36:35.533679,138.59.18.180,SUTEL Local,5.578041076660156,True,Ping SUTEL Local Costa Rica
OLT Punto Rojo 1,2025-08-21T07:37:40.561054,138.59.18.180,SUTEL Local,4.789113998413086,True,Ping SUTEL Local Costa Rica
OLT Punto Rojo 1,2025-08-21T07:38:40.618395,138.59.18.180,SUTEL Local,5.316257476806641,True,Ping SUTEL Local Costa Rica
OLT Punto Rojo 1,2025-08-21T07:39:40.681062,138.59.18.180,SUTEL Local,5.089998245239258,True,Ping SUTEL Local Costa Rica
OLT Punto Rojo 1,2025-08-21T07:40:40.743413,138.59.18.180,SUTEL Local,5.192995071411133,True,Ping SUTEL Local Costa Rica
OLT Punto Rojo 1,2025-08-21T07:41:40.793061,138.59.18.180,SUTEL Local,3.9365291595458984,True,Ping SUTEL Local Costa Rica
OLT Punto Rojo 1,2025-08-21T07:42:40.858129,138.59.18.180,SUTEL Local,5.138397216796875,True,Ping SUTEL Local Costa Rica
OLT Punto Rojo 1,2025-08-21T07:43:40.918129,138.59.18.180,SUTEL Local,4.823923110961914,True,Ping SUTEL Local Costa Rica
OLT Punto Rojo 1,2025-08-21T07:44:40.975421,138.59.18.180,SUTEL Local,4.861116409301758,True,Ping SUTEL Local Costa Rica
OLT Punto Rojo 1,2025-08-21T07:45:41.041666,138.59.18.180,SUTEL Local,5.028247833251953,True,Ping SUTEL Local Costa Rica
OLT Punto Rojo 1,2025-08-21T07:46:41.101066,138.59.18.180,SUTEL Local,4.8007965087890625,True,Ping SUTEL Local Costa Rica
OLT Punto Rojo 1,2025-08-21T07:47:41.155621,138.59.18.180,SUTEL Local,4.035711288452148,True,Ping SUTEL Local Costa Rica
OLT Punto Rojo 1,2025-08-21T07:48:41.216506,138.59.18.180,SUTEL Local,4.64177131652832,True,Ping SUTEL Local Costa Rica
OLT Punto Rojo 1,2025-08-21T07:49:41.280739,138.59.18.180,SUTEL Local,5.051136016845703,True,Ping SUTEL Local Costa Rica
OLT Punto Rojo 1,2025-08-21T07:50:41.342671,138.59.18.180,SUTEL Local,4.812955856323242,True,Ping SUTEL Local Costa Rica
OLT Punto Rojo 1,2025-08-21T07:51:41.406066,138.59.18.180,SUTEL Local,4.568338394165039,True,Ping SUTEL Local Costa Rica
OLT Punto Rojo 1,2025-08-21T07:52:41.465051,138.59.18.180,SUTEL Local,5.304813385009766,True,Ping SUTEL Local Costa Rica
OLT Punto Rojo 1,2025-08-21T07:53:41.529127,138.59.18.180,SUTEL Local,3.0345916748046875,True,Ping SUTEL Local Costa Rica
OLT Punto Rojo 1,2025-08-21T07:54:41.595652,138.59.18.180,SUTEL Local,5.184650421142578,True,Ping SUTEL Local Costa Rica
OLT Punto Rojo 1,2025-08-21T07:55:41.656505,138.59.18.180,SUTEL Local,5.2089691162109375,True,Ping SUTEL Local Costa Rica
OLT Punto Rojo 1,2025-08-21T07:56:41.709757,138.59.18.180,SUTEL Local,5.081653594970703,True,Ping SUTEL Local Costa Rica
OLT Punto Rojo 1,2025-08-21T07:57:41.760767,138.59.18.180,SUTEL Local,4.836320877075195,True,Ping SUTEL Local Costa Rica
OLT Punto Rojo 1,2025-08-21T07:58:41.823365,138.59.18.180,SUTEL Local,5.317449569702148,True,Ping SUTEL Local Costa Rica
OLT Punto Rojo 1,2025-08-21T07:59:41.882105,138.59.18.180,SUTEL Local,5.491971969604492,True,Ping SUTEL Local Costa Rica
OLT Punto Rojo 1,2025-08-21T08:00:41.945154,138.59.18.180,SUTEL Local,5.527496337890625,True,Ping SUTEL Local Costa Rica
OLT Punto Rojo 1,2025-08-21T08:01:42.005392,138.59.18.180,SUTEL Local,5.280733108520508,True,Ping SUTEL Local Costa Rica
OLT Punto Rojo 1,2025-08-21T08:02:42.073176,138.59.18.180,SUTEL Local,5.233287811279297,True,Ping SUTEL Local Costa Rica
OLT Punto Rojo 1,2025-08-21T08:03:47.093302,138.59.18.180,SUTEL Local,5.070686340332031,True,Ping SUTEL Local Costa Rica
OLT Punto Rojo 1,2025-08-21T08:04:47.161877,138.59.18.180,SUTEL Local,4.198551177978516,True,Ping SUTEL Local Costa Rica
OLT Punto Rojo 1,2025-08-21T08:05:47.221294,138.59.18.180,SUTEL Local,5.010128021240234,True,Ping SUTEL Local Costa Rica
OLT Punto Rojo 1,2025-08-21T08:06:47.283238,138.59.18.180,SUTEL Local,5.017280578613281,True,Ping SUTEL Local Costa Rica
OLT Punto Rojo 1,2025-08-21T08:07:47.352365,138.59.18.180,SUTEL Local,5.352258682250977,True,Ping SUTEL Local Costa Rica
OLT Punto Rojo 1,2025-08-21T08:08:47.417334,138.59.18.180,SUTEL Local,4.925251007080078,True,Ping SUTEL Local Costa Rica
OLT Punto Rojo 1,2025-08-21T08:09:47.477054,138.59.18.180,SUTEL Local,5.283594131469727,True,Ping SUTEL Local Costa Rica
OLT Punto Rojo 1,2025-08-21T08:10:47.531970,138.59.18.180,SUTEL Local,4.928112030029297,True,Ping SUTEL Local Costa Rica
OLT Punto Rojo 1,2025-08-21T08:11:47.595322,138.59.18.180,SUTEL Local,5.020380020141602,True,Ping SUTEL Local Costa Rica
OLT Punto Rojo 1,2025-08-21T08:12:52.614112,138.59.18.180,SUTEL Local,4.559040069580078,True,Ping SUTEL Local Costa Rica
OLT Punto Rojo 1,2025-08-21T08:13:52.666380,138.59.18.180,SUTEL Local,4.795074462890625,True,Ping SUTEL Local Costa Rica
OLT Punto Rojo 1,2025-08-21T08:14:52.723045,138.59.18.180,SUTEL Local,5.62739372253418,True,Ping SUTEL Local Costa Rica
OLT Punto Rojo 1,2025-08-21T08:15:52.794804,138.59.18.180,SUTEL Local,5.053997039794922,True,Ping SUTEL Local Costa Rica
OLT Punto Rojo 1,2025-08-21T08:16:52.857273,138.59.18.180,SUTEL Local,5.262136459350586,True,Ping SUTEL Local Costa Rica
OLT Punto Rojo 1,2025-08-21T08:17:52.920261,138.59.18.180,SUTEL Local,5.041837692260742,True,Ping SUTEL Local Costa Rica
OLT Punto Rojo 1,2025-08-21T08:18:52.983112,138.59.18.180,SUTEL Local,4.212141036987305,True,Ping SUTEL Local Costa Rica
OLT Punto Rojo 1,2025-08-21T08:19:53.045526,138.59.18.180,SUTEL Local,5.246400833129883,True,Ping SUTEL Local Costa Rica
OLT Punto Rojo 1,2025-08-21T08:20:53.107301,138.59.18.180,SUTEL Local,4.738807678222656,True,Ping SUTEL Local Costa Rica
OLT Punto Rojo 1,2025-08-21T08:21:53.163674,138.59.18.180,SUTEL Local,5.153417587280273,True,Ping SUTEL Local Costa Rica
OLT Punto Rojo 1,2025-08-21T08:22:53.231686,138.59.18.180,SUTEL Local,4.911899566650391,True,Ping SUTEL Local Costa Rica
OLT Punto Rojo 1,2025-08-21T08:23:53.290338,138.59.18.180,SUTEL Local,5.008220672607422,True,Ping SUTEL Local Costa Rica
OLT Punto Rojo 1,2025-08-21T08:24:53.347708,138.59.18.180,SUTEL Local,6.558895111083984,True,Ping SUTEL Local Costa Rica
OLT Punto Rojo 1,2025-08-21T08:25:53.411764,138.59.18.180,SUTEL Local,5.0144195556640625,True,Ping SUTEL Local Costa Rica
OLT Punto Rojo 1,2025-08-21T08:26:58.440605,138.59.18.180,SUTEL Local,5.048990249633789,True,Ping SUTEL Local Costa Rica
OLT Punto Rojo 1,2025-08-21T08:27:58.494271,138.59.18.180,SUTEL Local,5.333662033081055,True,Ping SUTEL Local Costa Rica
OLT Punto Rojo 1,2025-08-21T08:28:58.558625,138.59.18.180,SUTEL Local,5.676984786987305,True,Ping SUTEL Local Costa Rica
OLT Punto Rojo 1,2025-08-21T08:30:03.566355,138.59.18.180,SUTEL Local,4.914999008178711,True,Ping SUTEL Local Costa Rica
OLT Punto Rojo 1,2025-08-21T08:31:03.634790,138.59.18.180,SUTEL Local,5.119085311889648,True,Ping SUTEL Local Costa Rica
OLT Punto Rojo 1,2025-08-21T08:32:03.693605,138.59.18.180,SUTEL Local,5.100488662719727,True,Ping SUTEL Local Costa Rica
OLT Punto Rojo 1,2025-08-21T08:33:03.742122,138.59.18.180,SUTEL Local,4.898309707641602,True,Ping SUTEL Local Costa Rica
OLT Punto Rojo 1,2025-08-21T08:34:03.803656,138.59.18.180,SUTEL Local,4.964590072631836,True,Ping SUTEL Local Costa Rica
OLT Punto Rojo 1,2025-08-21T08:35:03.862261,138.59.18.180,SUTEL Local,5.1422119140625,True,Ping SUTEL Local Costa Rica
OLT Punto Rojo 1,2025-08-21T08:36:03.925951,138.59.18.180,SUTEL Local,5.052089691162109,True,Ping SUTEL Local Costa Rica
OLT Punto Rojo 1,2025-08-21T08:37:08.938219,138.59.18.180,SUTEL Local,4.110097885131836,True,Ping SUTEL Local Costa Rica
OLT Punto Rojo 1,2025-08-21T08:38:08.996790,138.59.18.180,SUTEL Local,5.392789840698242,True,Ping SUTEL Local Costa Rica
OLT Punto Rojo 1,2025-08-21T08:39:09.059165,138.59.18.180,SUTEL Local,5.1212310791015625,True,Ping SUTEL Local Costa Rica
OLT Punto Rojo 1,2025-08-21T08:40:09.116296,138.59.18.180,SUTEL Local,4.960060119628906,True,Ping SUTEL Local Costa Rica
OLT Punto Rojo 1,2025-08-21T08:41:09.178865,138.59.18.180,SUTEL Local,5.263805389404297,True,Ping SUTEL Local Costa Rica
OLT Punto Rojo 1,2025-08-21T08:42:09.237106,138.59.18.180,SUTEL Local,4.791259765625,True,Ping SUTEL Local Costa Rica
OLT Punto Rojo 1,2025-08-21T08:43:09.304263,138.59.18.180,SUTEL Local,4.174709320068359,True,Ping SUTEL Local Costa Rica
OLT Punto Rojo 1,2025-08-21T08:44:09.368346,138.59.18.180,SUTEL Local,4.426479339599609,True,Ping SUTEL Local Costa Rica
OLT Punto Rojo 1,2025-08-21T08:45:09.432762,138.59.18.180,SUTEL Local,5.224943161010742,True,Ping SUTEL Local Costa Rica
OLT Punto Rojo 1,2025-08-21T08:46:09.496077,138.59.18.180,SUTEL Local,4.848241806030273,True,Ping SUTEL Local Costa Rica
OLT Punto Rojo 1,2025-08-21T08:47:09.555910,138.59.18.180,SUTEL Local,5.405187606811523,True,Ping SUTEL Local Costa Rica
OLT Punto Rojo 1,2025-08-21T08:48:09.611485,138.59.18.180,SUTEL Local,5.333662033081055,True,Ping SUTEL Local Costa Rica
OLT Punto Rojo 1,2025-08-21T08:49:09.682856,138.59.18.180,SUTEL Local,4.966020584106445,True,Ping SUTEL Local Costa Rica
OLT Punto Rojo 1,2025-08-21T08:50:14.700022,138.59.18.180,SUTEL Local,5.452632904052734,True,Ping SUTEL Local Costa Rica
OLT Punto Rojo 1,2025-08-21T08:51:14.759496,138.59.18.180,SUTEL Local,5.036592483520508,True,Ping SUTEL Local Costa Rica
OLT Punto Rojo 1,2025-08-21T08:52:14.824635,138.59.18.180,SUTEL Local,4.863977432250977,True,Ping SUTEL Local Costa Rica
OLT Punto Rojo 1,2025-08-21T08:53:14.886590,138.59.18.180,SUTEL Local,5.03993034362793,True,Ping SUTEL Local Costa Rica
OLT Punto Rojo 1,2025-08-21T08:54:14.947696,138.59.18.180,SUTEL Local,4.778623580932617,True,Ping SUTEL Local Costa Rica
OLT Punto Rojo 1,2025-08-21T08:55:15.011448,138.59.18.180,SUTEL Local,4.962682723999023,True,Ping SUTEL Local Costa Rica
OLT Punto Rojo 1,2025-08-21T08:56:15.067964,138.59.18.180,SUTEL Local,5.403280258178711,True,Ping SUTEL Local Costa Rica
OLT Punto Rojo 1,2025-08-21T08:57:15.139846,138.59.18.180,SUTEL Local,5.414247512817383,True,Ping SUTEL Local Costa Rica
OLT Punto Rojo 1,2025-08-21T08:58:15.191990,138.59.18.180,SUTEL Local,5.291223526000977,True,Ping SUTEL Local Costa Rica
OLT Punto Rojo 1,2025-08-21T08:59:15.255226,138.59.18.180,SUTEL Local,4.5337677001953125,True,Ping SUTEL Local Costa Rica
OLT Punto Rojo 1,2025-08-21T09:00:15.314349,138.59.18.180,SUTEL Local,4.439830780029297,True,Ping SUTEL Local Costa Rica
OLT Punto Rojo 1,2025-08-21T09:01:15.369562,138.59.18.180,SUTEL Local,3.946542739868164,True,Ping SUTEL Local Costa Rica
OLT Punto Rojo 1,2025-08-21T09:02:15.428183,138.59.18.180,SUTEL Local,4.820823669433594,True,Ping SUTEL Local Costa Rica
OLT Punto Rojo 1,2025-08-21T09:03:15.486384,138.59.18.180,SUTEL Local,4.2247772216796875,True,Ping SUTEL Local Costa Rica
OLT Punto Rojo 1,2025-08-21T09:04:15.542073,138.59.18.180,SUTEL Local,5.056142807006836,True,Ping SUTEL Local Costa Rica
OLT Punto Rojo 1,2025-08-21T09:05:15.596917,138.59.18.180,SUTEL Local,5.105257034301758,True,Ping SUTEL Local Costa Rica
OLT Punto Rojo 1,2025-08-21T09:06:15.654017,138.59.18.180,SUTEL Local,4.571676254272461,True,Ping SUTEL Local Costa Rica
OLT Punto Rojo 1,2025-08-21T09:07:15.721205,138.59.18.180,SUTEL Local,4.697561264038086,True,Ping SUTEL Local Costa Rica
OLT Punto Rojo 1,2025-08-21T09:08:15.774799,138.59.18.180,SUTEL Local,4.878044128417969,True,Ping SUTEL Local Costa Rica
OLT Punto Rojo 1,2025-08-21T09:09:15.832013,138.59.18.180,SUTEL Local,5.082368850708008,True,Ping SUTEL Local Costa Rica
OLT Punto Rojo 1,2025-08-21T09:10:15.889475,138.59.18.180,SUTEL Local,8.624553680419922,True,Ping SUTEL Local Costa Rica
OLT Punto Rojo 1,2025-08-21T09:11:20.901059,138.59.18.180,SUTEL Local,4.817485809326172,True,Ping SUTEL Local Costa Rica
OLT Punto Rojo 1,2025-08-21T09:12:20.962341,138.59.18.180,SUTEL Local,5.912303924560547,True,Ping SUTEL Local Costa Rica
OLT Punto Rojo 1,2025-08-21T09:13:21.017875,138.59.18.180,SUTEL Local,4.857540130615234,True,Ping SUTEL Local Costa Rica
OLT Punto Rojo 1,2025-08-21T09:14:21.076873,138.59.18.180,SUTEL Local,5.186319351196289,True,Ping SUTEL Local Costa Rica
OLT Punto Rojo 1,2025-08-21T09:15:21.145543,138.59.18.180,SUTEL Local,5.125284194946289,True,Ping SUTEL Local Costa Rica
OLT Punto Rojo 1,2025-08-21T09:16:21.198596,138.59.18.180,SUTEL Local,5.207538604736328,True,Ping SUTEL Local Costa Rica
OLT Punto Rojo 1,2025-08-21T09:17:21.257340,138.59.18.180,SUTEL Local,5.168437957763672,True,Ping SUTEL Local Costa Rica
OLT Punto Rojo 1,2025-08-21T09:18:21.326060,138.59.18.180,SUTEL Local,5.170583724975586,True,Ping SUTEL Local Costa Rica
OLT Punto Rojo 1,2025-08-21T09:19:21.377107,138.59.18.180,SUTEL Local,5.2337646484375,True,Ping SUTEL Local Costa Rica
OLT Punto Rojo 1,2025-08-21T09:20:21.434200,138.59.18.180,SUTEL Local,5.260229110717773,True,Ping SUTEL Local Costa Rica
OLT Punto Rojo 1,2025-08-21T09:21:21.490025,138.59.18.180,SUTEL Local,5.373239517211914,True,Ping SUTEL Local Costa Rica
OLT Punto Rojo 1,2025-08-21T09:22:21.543926,138.59.18.180,SUTEL Local,5.283594131469727,True,Ping SUTEL Local Costa Rica
OLT Punto Rojo 1,2025-08-21T09:23:21.598162,138.59.18.180,SUTEL Local,4.837274551391602,True,Ping SUTEL Local Costa Rica
OLT Punto Rojo 1,2025-08-21T09:24:21.667189,138.59.18.180,SUTEL Local,5.1479339599609375,True,Ping SUTEL Local Costa Rica
OLT Punto Rojo 1,2025-08-21T09:25:21.725051,138.59.18.180,SUTEL Local,3.6225318908691406,True,Ping SUTEL Local Costa Rica
OLT Punto Rojo 1,2025-08-21T09:26:21.783291,138.59.18.180,SUTEL Local,4.789590835571289,True,Ping SUTEL Local Costa Rica
OLT Punto Rojo 1,2025-08-21T09:27:21.843492,138.59.18.180,SUTEL Local,4.879951477050781,True,Ping SUTEL Local Costa Rica
OLT Punto Rojo 1,2025-08-21T09:28:21.905018,138.59.18.180,SUTEL Local,5.130767822265625,True,Ping SUTEL Local Costa Rica
OLT Punto Rojo 1,2025-08-21T09:29:21.960635,138.59.18.180,SUTEL Local,4.9285888671875,True,Ping SUTEL Local Costa Rica
OLT Punto Rojo 1,2025-08-21T09:30:22.024779,138.59.18.180,SUTEL Local,5.2013397216796875,True,Ping SUTEL Local Costa Rica
OLT Punto Rojo 1,2025-08-21T09:31:22.080262,138.59.18.180,SUTEL Local,4.07862663269043,True,Ping SUTEL Local Costa Rica
OLT Punto Rojo 1,2025-08-21T09:32:22.131090,138.59.18.180,SUTEL Local,5.344629287719727,True,Ping SUTEL Local Costa Rica
OLT Punto Rojo 1,2025-08-21T09:33:22.188302,138.59.18.180,SUTEL Local,5.107641220092773,True,Ping SUTEL Local Costa Rica
OLT Punto Rojo 1,2025-08-21T09:34:22.259357,138.59.18.180,SUTEL Local,4.55164909362793,True,Ping SUTEL Local Costa Rica
OLT Punto Rojo 1,2025-08-21T09:35:27.275019,138.59.18.180,SUTEL Local,5.1708221435546875,True,Ping SUTEL Local Costa Rica
OLT Punto Rojo 1,2025-08-21T09:36:27.336409,138.59.18.180,SUTEL Local,4.7206878662109375,True,Ping SUTEL Local Costa Rica
OLT Punto Rojo 1,2025-08-21T09:37:27.394940,138.59.18.180,SUTEL Local,3.818035125732422,True,Ping SUTEL Local Costa Rica
OLT Punto Rojo 1,2025-08-21T09:38:27.446487,138.59.18.180,SUTEL Local,5.091190338134766,True,Ping SUTEL Local Costa Rica
OLT Punto Rojo 1,2025-08-21T09:39:27.502462,138.59.18.180,SUTEL Local,5.131959915161133,True,Ping SUTEL Local Costa Rica
OLT Punto Rojo 1,2025-08-21T09:40:32.518822,138.59.18.180,SUTEL Local,5.198478698730469,True,Ping SUTEL Local Costa Rica
OLT Punto Rojo 1,2025-08-21T09:41:32.568598,138.59.18.180,SUTEL Local,4.943132400512695,True,Ping SUTEL Local Costa Rica
OLT Punto Rojo 1,2025-08-21T09:42:32.620881,138.59.18.180,SUTEL Local,4.797935485839844,True,Ping SUTEL Local Costa Rica
OLT Punto Rojo 1,2025-08-21T09:43:32.681710,138.59.18.180,SUTEL Local,5.366802215576172,True,Ping SUTEL Local Costa Rica
OLT Punto Rojo 1,2025-08-21T09:44:32.738804,138.59.18.180,SUTEL Local,5.124807357788086,True,Ping SUTEL Local Costa Rica
OLT Punto Rojo 1,2025-08-21T09:45:32.802448,138.59.18.180,SUTEL Local,5.443811416625977,True,Ping SUTEL Local Costa Rica
OLT Punto Rojo 1,2025-08-21T09:46:32.864960,138.59.18.180,SUTEL Local,4.847049713134766,True,Ping SUTEL Local Costa Rica
OLT Punto Rojo 1,2025-08-21T09:47:32.920354,138.59.18.180,SUTEL Local,5.459070205688477,True,Ping SUTEL Local Costa Rica
OLT Punto Rojo 1,2025-08-21T09:48:32.984744,138.59.18.180,SUTEL Local,5.451679229736328,True,Ping SUTEL Local Costa Rica
OLT Punto Rojo 1,2025-08-21T09:49:33.042846,138.59.18.180,SUTEL Local,5.278110504150391,True,Ping SUTEL Local Costa Rica
OLT Punto Rojo 1,2025-08-21T09:50:33.096741,138.59.18.180,SUTEL Local,8.430719375610352,True,Ping SUTEL Local Costa Rica
OLT Punto Rojo 1,2025-08-21T09:51:33.159368,138.59.18.180,SUTEL Local,4.874229431152344,True,Ping SUTEL Local Costa Rica
OLT Punto Rojo 1,2025-08-21T09:52:33.429885,138.59.18.180,SUTEL Local,4.994869232177734,True,Ping SUTEL Local Costa Rica
OLT Punto Rojo 1,2025-08-21T09:53:33.491589,138.59.18.180,SUTEL Local,5.177974700927734,True,Ping SUTEL Local Costa Rica
OLT Punto Rojo 1,2025-08-21T09:54:33.542965,138.59.18.180,SUTEL Local,5.393266677856445,True,Ping SUTEL Local Costa Rica
OLT Punto Rojo 1,2025-08-21T09:55:33.612397,138.59.18.180,SUTEL Local,5.385637283325195,True,Ping SUTEL Local Costa Rica
OLT Punto Rojo 1,2025-08-21T09:56:38.637474,138.59.18.180,SUTEL Local,4.90117073059082,True,Ping SUTEL Local Costa Rica
OLT Punto Rojo 1,2025-08-21T09:57:38.704264,138.59.18.180,SUTEL Local,5.447149276733398,True,Ping SUTEL Local Costa Rica
OLT Punto Rojo 1,2025-08-21T09:58:38.765939,138.59.18.180,SUTEL Local,5.492448806762695,True,Ping SUTEL Local Costa Rica
OLT Punto Rojo 1,2025-08-21T09:59:38.815459,138.59.18.180,SUTEL Local,5.390167236328125,True,Ping SUTEL Local Costa Rica
OLT Punto Rojo 1,2025-08-21T10:00:38.880920,138.59.18.180,SUTEL Local,5.232095718383789,True,Ping SUTEL Local Costa Rica
OLT Punto Rojo 1,2025-08-21T10:01:38.939629,138.59.18.180,SUTEL Local,5.110502243041992,True,Ping SUTEL Local Costa Rica
OLT Punto Rojo 1,2025-08-21T10:02:39.010995,138.59.18.180,SUTEL Local,5.210638046264648,True,Ping SUTEL Local Costa Rica
OLT Punto Rojo 1,2025-08-21T10:03:39.070257,138.59.18.180,SUTEL Local,4.70280647277832,True,Ping SUTEL Local Costa Rica
OLT Punto Rojo 1,2025-08-21T10:04:39.122685,138.59.18.180,SUTEL Local,5.352973937988281,True,Ping SUTEL Local Costa Rica
OLT Punto Rojo 1,2025-08-21T10:05:39.179848,138.59.18.180,SUTEL Local,4.873991012573242,True,Ping SUTEL Local Costa Rica
OLT Punto Rojo 1,2025-08-21T10:06:39.248324,138.59.18.180,SUTEL Local,5.450248718261719,True,Ping SUTEL Local Costa Rica
OLT Punto Rojo 1,2025-08-21T10:07:39.315669,138.59.18.180,SUTEL Local,4.398345947265625,True,Ping SUTEL Local Costa Rica
OLT Punto Rojo 1,2025-08-21T10:08:39.373196,138.59.18.180,SUTEL Local,4.191875457763672,True,Ping SUTEL Local Costa Rica
OLT Punto Rojo 1,2025-08-21T10:09:39.442082,138.59.18.180,SUTEL Local,5.256175994873047,True,Ping SUTEL Local Costa Rica
OLT Punto Rojo 1,2025-08-21T10:10:39.499180,138.59.18.180,SUTEL Local,5.251169204711914,True,Ping SUTEL Local Costa Rica
OLT Punto Rojo 1,2025-08-21T10:11:39.554233,138.59.18.180,SUTEL Local,5.413055419921875,True,Ping SUTEL Local Costa Rica
OLT Punto Rojo 1,2025-08-21T10:12:39.622400,138.59.18.180,SUTEL Local,5.278587341308594,True,Ping SUTEL Local Costa Rica
OLT Punto Rojo 1,2025-08-21T10:13:39.676221,138.59.18.180,SUTEL Local,5.093574523925781,True,Ping SUTEL Local Costa Rica
OLT Punto Rojo 1,2025-08-21T10:14:39.728506,138.59.18.180,SUTEL Local,4.455327987670898,True,Ping SUTEL Local Costa Rica
OLT Punto Rojo 1,2025-08-21T10:15:39.790061,138.59.18.180,SUTEL Local,5.593776702880859,True,Ping SUTEL Local Costa Rica
OLT Punto Rojo 1,2025-08-21T10:16:44.812286,138.59.18.180,SUTEL Local,5.566596984863281,True,Ping SUTEL Local Costa Rica
OLT Punto Rojo 1,2025-08-21T10:17:44.873970,138.59.18.180,SUTEL Local,4.991054534912109,True,Ping SUTEL Local Costa Rica
OLT Punto Rojo 1,2025-08-21T10:18:44.937360,138.59.18.180,SUTEL Local,5.023002624511719,True,Ping SUTEL Local Costa Rica
OLT Punto Rojo 1,2025-08-21T10:19:44.996457,138.59.18.180,SUTEL Local,5.242109298706055,True,Ping SUTEL Local Costa Rica
OLT Punto Rojo 1,2025-08-21T10:20:45.056595,138.59.18.180,SUTEL Local,5.576372146606445,True,Ping SUTEL Local Costa Rica
OLT Punto Rojo 1,2025-08-21T10:21:45.119251,138.59.18.180,SUTEL Local,4.8694610595703125,True,Ping SUTEL Local Costa Rica
OLT Punto Rojo 1,2025-08-21T10:22:45.181904,138.59.18.180,SUTEL Local,5.391359329223633,True,Ping SUTEL Local Costa Rica
OLT Punto Rojo 1,2025-08-21T10:23:45.235752,138.59.18.180,SUTEL Local,5.051612854003906,True,Ping SUTEL Local Costa Rica
OLT Punto Rojo 1,2025-08-21T10:24:45.296902,138.59.18.180,SUTEL Local,5.047321319580078,True,Ping SUTEL Local Costa Rica
OLT Punto Rojo 1,2025-08-21T10:25:45.355000,138.59.18.180,SUTEL Local,5.007505416870117,True,Ping SUTEL Local Costa Rica
OLT Punto Rojo 1,2025-08-21T10:26:45.419865,138.59.18.180,SUTEL Local,4.239797592163086,True,Ping SUTEL Local Costa Rica
OLT Punto Rojo 1,2025-08-21T10:27:45.490346,138.59.18.180,SUTEL Local,4.990100860595703,True,Ping SUTEL Local Costa Rica
OLT Punto Rojo 1,2025-08-21T10:28:45.560494,138.59.18.180,SUTEL Local,5.190134048461914,True,Ping SUTEL Local Costa Rica
OLT Punto Rojo 1,2025-08-21T10:29:45.622772,138.59.18.180,SUTEL Local,4.992485046386719,True,Ping SUTEL Local Costa Rica
OLT Punto Rojo 1,2025-08-21T10:30:45.675961,138.59.18.180,SUTEL Local,5.094289779663086,True,Ping SUTEL Local Costa Rica
OLT Punto Rojo 1,2025-08-21T10:31:50.694425,138.59.18.180,SUTEL Local,5.033969879150391,True,Ping SUTEL Local Costa Rica
OLT Punto Rojo 1,2025-08-21T10:32:50.754702,138.59.18.180,SUTEL Local,4.608631134033203,True,Ping SUTEL Local Costa Rica
OLT Punto Rojo 1,2025-08-21T10:33:50.819368,138.59.18.180,SUTEL Local,4.932403564453125,True,Ping SUTEL Local Costa Rica
OLT Punto Rojo 1,2025-08-21T10:34:50.880981,138.59.18.180,SUTEL Local,5.333185195922852,True,Ping SUTEL Local Costa Rica
OLT Punto Rojo 1,2025-08-21T10:35:50.941006,138.59.18.180,SUTEL Local,5.326509475708008,True,Ping SUTEL Local Costa Rica
OLT Punto Rojo 1,2025-08-21T10:36:55.958954,138.59.18.180,SUTEL Local,5.313634872436523,True,Ping SUTEL Local Costa Rica
OLT Punto Rojo 1,2025-08-21T10:37:56.022009,138.59.18.180,SUTEL Local,5.538463592529297,True,Ping SUTEL Local Costa Rica
OLT Punto Rojo 1,2025-08-21T10:38:56.074700,138.59.18.180,SUTEL Local,4.949331283569336,True,Ping SUTEL Local Costa Rica
OLT Punto Rojo 1,2025-08-21T10:39:56.143246,138.59.18.180,SUTEL Local,4.878997802734375,True,Ping SUTEL Local Costa Rica
OLT Punto Rojo 1,2025-08-21T10:41:01.161910,138.59.18.180,SUTEL Local,4.958868026733398,True,Ping SUTEL Local Costa Rica
OLT Punto Rojo 1,2025-08-21T10:42:01.227980,138.59.18.180,SUTEL Local,5.028724670410156,True,Ping SUTEL Local Costa Rica
OLT Punto Rojo 1,2025-08-21T10:43:01.287819,138.59.18.180,SUTEL Local,4.9648284912109375,True,Ping SUTEL Local Costa Rica
OLT Punto Rojo 1,2025-08-21T10:44:01.357529,138.59.18.180,SUTEL Local,4.482746124267578,True,Ping SUTEL Local Costa Rica
OLT Punto Rojo 1,2025-08-21T10:45:01.414912,138.59.18.180,SUTEL Local,4.624366760253906,True,Ping SUTEL Local Costa Rica
OLT Punto Rojo 1,2025-08-21T10:46:01.478310,138.59.18.180,SUTEL Local,5.146980285644531,True,Ping SUTEL Local Costa Rica
OLT Punto Rojo 1,2025-08-21T10:47:06.494019,138.59.18.180,SUTEL Local,4.67228889465332,True,Ping SUTEL Local Costa Rica
OLT Punto Rojo 1,2025-08-21T10:48:06.564132,138.59.18.180,SUTEL Local,5.038976669311523,True,Ping SUTEL Local Costa Rica
OLT Punto Rojo 1,2025-08-21T10:49:06.633226,138.59.18.180,SUTEL Local,4.016637802124023,True,Ping SUTEL Local Costa Rica
OLT Punto Rojo 1,2025-08-21T10:50:06.692481,138.59.18.180,SUTEL Local,5.223751068115234,True,Ping SUTEL Local Costa Rica
OLT Punto Rojo 1,2025-08-21T10:51:06.753979,138.59.18.180,SUTEL Local,4.595041275024414,True,Ping SUTEL Local Costa Rica
OLT Punto Rojo 1,2025-08-21T10:52:06.819364,138.59.18.180,SUTEL Local,5.063295364379883,True,Ping SUTEL Local Costa Rica
OLT Punto Rojo 1,2025-08-21T10:53:06.886924,138.59.18.180,SUTEL Local,5.419492721557617,True,Ping SUTEL Local Costa Rica
OLT Punto Rojo 1,2025-08-21T10:54:06.959070,138.59.18.180,SUTEL Local,5.378246307373047,True,Ping SUTEL Local Costa Rica
OLT Punto Rojo 1,2025-08-21T10:55:07.021458,138.59.18.180,SUTEL Local,5.087137222290039,True,Ping SUTEL Local Costa Rica
OLT Punto Rojo 1,2025-08-21T10:56:07.092313,138.59.18.180,SUTEL Local,5.09190559387207,True,Ping SUTEL Local Costa Rica
OLT Punto Rojo 1,2025-08-21T10:57:07.150374,138.59.18.180,SUTEL Local,4.153251647949219,True,Ping SUTEL Local Costa Rica
OLT Punto Rojo 1,2025-08-21T10:58:07.213171,138.59.18.180,SUTEL Local,5.09190559387207,True,Ping SUTEL Local Costa Rica
OLT Punto Rojo 1,2025-08-21T10:59:07.282660,138.59.18.180,SUTEL Local,4.961967468261719,True,Ping SUTEL Local Costa Rica
OLT Punto Rojo 1,2025-08-21T11:00:07.339851,138.59.18.180,SUTEL Local,5.059242248535156,True,Ping SUTEL Local Costa Rica
OLT Punto Rojo 1,2025-08-21T11:01:07.400907,138.59.18.180,SUTEL Local,4.879236221313477,True,Ping SUTEL Local Costa Rica
OLT Punto Rojo 1,2025-08-21T11:02:07.456613,138.59.18.180,SUTEL Local,4.674673080444336,True,Ping SUTEL Local Costa Rica
OLT Punto Rojo 1,2025-08-21T11:03:07.522921,138.59.18.180,SUTEL Local,3.4613609313964844,True,Ping SUTEL Local Costa Rica
OLT Punto Rojo 1,2025-08-21T11:04:07.588086,138.59.18.180,SUTEL Local,5.130290985107422,True,Ping SUTEL Local Costa Rica
OLT Punto Rojo 1,2025-08-21T11:05:07.644169,138.59.18.180,SUTEL Local,5.56635856628418,True,Ping SUTEL Local Costa Rica
OLT Punto Rojo 1,2025-08-21T11:06:07.708200,138.59.18.180,SUTEL Local,4.9896240234375,True,Ping SUTEL Local Costa Rica
OLT Punto Rojo 1,2025-08-21T11:07:07.836037,138.59.18.180,SUTEL Local,5.100011825561523,True,Ping SUTEL Local Costa Rica
OLT Punto Rojo 1,2025-08-21T11:08:07.899051,138.59.18.180,SUTEL Local,5.057573318481445,True,Ping SUTEL Local Costa Rica
OLT Punto Rojo 1,2025-08-21T11:09:07.957199,138.59.18.180,SUTEL Local,3.1309127807617188,True,Ping SUTEL Local Costa Rica
OLT Punto Rojo 1,2025-08-21T11:10:08.020778,138.59.18.180,SUTEL Local,4.078149795532227,True,Ping SUTEL Local Costa Rica
OLT Punto Rojo 1,2025-08-21T11:11:08.081883,138.59.18.180,SUTEL Local,4.410505294799805,True,Ping SUTEL Local Costa Rica
OLT Punto Rojo 1,2025-08-21T11:12:08.132270,138.59.18.180,SUTEL Local,5.050182342529297,True,Ping SUTEL Local Costa Rica
OLT Punto Rojo 1,2025-08-21T11:13:08.195058,138.59.18.180,SUTEL Local,4.61888313293457,True,Ping SUTEL Local Costa Rica
OLT Punto Rojo 1,2025-08-21T11:14:08.260755,138.59.18.180,SUTEL Local,4.234075546264648,True,Ping SUTEL Local Costa Rica
OLT Punto Rojo 1,2025-08-21T11:15:08.315396,138.59.18.180,SUTEL Local,4.00543212890625,True,Ping SUTEL Local Costa Rica
OLT Punto Rojo 1,2025-08-21T11:16:08.377184,138.59.18.180,SUTEL Local,5.166053771972656,True,Ping SUTEL Local Costa Rica
OLT Punto Rojo 1,2025-08-21T11:17:08.429067,138.59.18.180,SUTEL Local,5.248308181762695,True,Ping SUTEL Local Costa Rica
OLT Punto Rojo 1,2025-08-21T11:18:08.487811,138.59.18.180,SUTEL Local,4.341840744018555,True,Ping SUTEL Local Costa Rica
OLT Punto Rojo 1,2025-08-21T11:19:13.507839,138.59.18.180,SUTEL Local,5.29170036315918,True,Ping SUTEL Local Costa Rica
OLT Punto Rojo 1,2025-08-21T11:20:13.576552,138.59.18.180,SUTEL Local,5.042314529418945,True,Ping SUTEL Local Costa Rica
OLT Punto Rojo 1,2025-08-21T11:21:13.638716,138.59.18.180,SUTEL Local,3.6170482635498047,True,Ping SUTEL Local Costa Rica
OLT Punto Rojo 1,2025-08-21T11:22:13.699595,138.59.18.180,SUTEL Local,4.4193267822265625,True,Ping SUTEL Local Costa Rica
OLT Punto Rojo 1,2025-08-21T11:23:13.756308,138.59.18.180,SUTEL Local,5.204439163208008,True,Ping SUTEL Local Costa Rica
OLT Punto Rojo 1,2025-08-21T11:24:13.811014,138.59.18.180,SUTEL Local,4.602909088134766,True,Ping SUTEL Local Costa Rica
OLT Punto Rojo 1,2025-08-21T11:25:13.867580,138.59.18.180,SUTEL Local,5.01251220703125,True,Ping SUTEL Local Costa Rica
OLT Punto Rojo 1,2025-08-21T11:26:13.925196,138.59.18.180,SUTEL Local,5.181789398193359,True,Ping SUTEL Local Costa Rica
OLT Punto Rojo 1,2025-08-21T11:27:13.995416,138.59.18.180,SUTEL Local,3.4568309783935547,True,Ping SUTEL Local Costa Rica
OLT Punto Rojo 1,2025-08-21T11:28:14.060240,138.59.18.180,SUTEL Local,5.25975227355957,True,Ping SUTEL Local Costa Rica
OLT Punto Rojo 1,2025-08-21T11:29:14.120583,138.59.18.180,SUTEL Local,4.973411560058594,True,Ping SUTEL Local Costa Rica
OLT Punto Rojo 1,2025-08-21T11:30:14.183694,138.59.18.180,SUTEL Local,5.410194396972656,True,Ping SUTEL Local Costa Rica
OLT Punto Rojo 1,2025-08-21T11:31:14.240489,138.59.18.180,SUTEL Local,5.219221115112305,True,Ping SUTEL Local Costa Rica
OLT Punto Rojo 1,2025-08-21T11:32:14.300663,138.59.18.180,SUTEL Local,4.991292953491211,True,Ping SUTEL Local Costa Rica
OLT Punto Rojo 1,2025-08-21T11:33:14.359496,138.59.18.180,SUTEL Local,4.127979278564453,True,Ping SUTEL Local Costa Rica
OLT Punto Rojo 1,2025-08-21T11:34:14.418304,138.59.18.180,SUTEL Local,5.179643630981445,True,Ping SUTEL Local Costa Rica
OLT Punto Rojo 1,2025-08-21T11:35:14.484824,138.59.18.180,SUTEL Local,4.914045333862305,True,Ping SUTEL Local Costa Rica
OLT Punto Rojo 1,2025-08-21T11:36:14.546170,138.59.18.180,SUTEL Local,4.966497421264648,True,Ping SUTEL Local Costa Rica
OLT Punto Rojo 1,2025-08-21T11:37:14.601820,138.59.18.180,SUTEL Local,5.262851715087891,True,Ping SUTEL Local Costa Rica
OLT Punto Rojo 1,2025-08-21T11:38:19.622959,138.59.18.180,SUTEL Local,5.217790603637695,True,Ping SUTEL Local Costa Rica
OLT Punto Rojo 1,2025-08-21T11:39:19.684026,138.59.18.180,SUTEL Local,4.897832870483398,True,Ping SUTEL Local Costa Rica
OLT Punto Rojo 1,2025-08-21T11:40:19.736344,138.59.18.180,SUTEL Local,5.002498626708984,True,Ping SUTEL Local Costa Rica
OLT Punto Rojo 1,2025-08-21T11:41:19.793483,138.59.18.180,SUTEL Local,4.852771759033203,True,Ping SUTEL Local Costa Rica
OLT Punto Rojo 1,2025-08-21T11:42:19.852762,138.59.18.180,SUTEL Local,5.312442779541016,True,Ping SUTEL Local Costa Rica
OLT Punto Rojo 1,2025-08-21T11:43:19.908521,138.59.18.180,SUTEL Local,5.129098892211914,True,Ping SUTEL Local Costa Rica
OLT Punto Rojo 1,2025-08-21T11:44:19.968536,138.59.18.180,SUTEL Local,5.269289016723633,True,Ping SUTEL Local Costa Rica
OLT Punto Rojo 1,2025-08-21T11:45:20.022298,138.59.18.180,SUTEL Local,5.093097686767578,True,Ping SUTEL Local Costa Rica
OLT Punto Rojo 1,2025-08-21T11:46:20.081831,138.59.18.180,SUTEL Local,4.379034042358398,True,Ping SUTEL Local Costa Rica
OLT Punto Rojo 1,2025-08-21T11:47:20.150197,138.59.18.180,SUTEL Local,5.099058151245117,True,Ping SUTEL Local Costa Rica
OLT Punto Rojo 1,2025-08-21T11:48:20.204953,138.59.18.180,SUTEL Local,5.098581314086914,True,Ping SUTEL Local Costa Rica
OLT Punto Rojo 1,2025-08-21T11:49:20.274849,138.59.18.180,SUTEL Local,5.261421203613281,True,Ping SUTEL Local Costa Rica
OLT Punto Rojo 1,2025-08-21T11:50:20.328815,138.59.18.180,SUTEL Local,4.884004592895508,True,Ping SUTEL Local Costa Rica
OLT Punto Rojo 1,2025-08-21T11:51:20.378816,138.59.18.180,SUTEL Local,4.919767379760742,True,Ping SUTEL Local Costa Rica
OLT Punto Rojo 1,2025-08-21T11:52:20.431437,138.59.18.180,SUTEL Local,4.743337631225586,True,Ping SUTEL Local Costa Rica
OLT Punto Rojo 1,2025-08-21T11:53:25.447166,138.59.18.180,SUTEL Local,5.4683685302734375,True,Ping SUTEL Local Costa Rica
OLT Punto Rojo 1,2025-08-21T11:54:25.514390,138.59.18.180,SUTEL Local,4.927158355712891,True,Ping SUTEL Local Costa Rica
OLT Punto Rojo 1,2025-08-21T11:55:25.567939,138.59.18.180,SUTEL Local,4.792690277099609,True,Ping SUTEL Local Costa Rica
OLT Punto Rojo 1,2025-08-21T11:56:25.627936,138.59.18.180,SUTEL Local,5.045175552368164,True,Ping SUTEL Local Costa Rica
OLT Punto Rojo 1,2025-08-21T11:57:25.694569,138.59.18.180,SUTEL Local,4.610776901245117,True,Ping SUTEL Local Costa Rica
OLT Punto Rojo 1,2025-08-21T11:58:25.757420,138.59.18.180,SUTEL Local,4.578590393066406,True,Ping SUTEL Local Costa Rica
OLT Punto Rojo 1,2025-08-21T11:59:25.816335,138.59.18.180,SUTEL Local,5.407810211181641,True,Ping SUTEL Local Costa Rica
OLT Punto Rojo 1,2025-08-21T12:00:25.878773,138.59.18.180,SUTEL Local,5.2642822265625,True,Ping SUTEL Local Costa Rica
OLT Punto Rojo 1,2025-08-21T12:01:25.946630,138.59.18.180,SUTEL Local,4.987478256225586,True,Ping SUTEL Local Costa Rica
OLT Punto Rojo 1,2025-08-21T12:02:26.013313,138.59.18.180,SUTEL Local,4.723310470581055,True,Ping SUTEL Local Costa Rica
OLT Punto Rojo 1,2025-08-21T12:03:26.080429,138.59.18.180,SUTEL Local,5.156517028808594,True,Ping SUTEL Local Costa Rica
OLT Punto Rojo 1,2025-08-21T12:04:26.136535,138.59.18.180,SUTEL Local,5.269289016723633,True,Ping SUTEL Local Costa Rica
OLT Punto Rojo 1,2025-08-21T12:05:26.194998,138.59.18.180,SUTEL Local,5.280733108520508,True,Ping SUTEL Local Costa Rica
OLT Punto Rojo 1,2025-08-21T12:06:26.258059,138.59.18.180,SUTEL Local,5.341768264770508,True,Ping SUTEL Local Costa Rica
OLT Punto Rojo 1,2025-08-21T12:07:26.310756,138.59.18.180,SUTEL Local,5.1288604736328125,True,Ping SUTEL Local Costa Rica
OLT Punto Rojo 1,2025-08-21T12:08:26.374313,138.59.18.180,SUTEL Local,5.242347717285156,True,Ping SUTEL Local Costa Rica
OLT Punto Rojo 1,2025-08-21T12:09:26.427989,138.59.18.180,SUTEL Local,5.011558532714844,True,Ping SUTEL Local Costa Rica
OLT Punto Rojo 1,2025-08-21T12:10:26.485265,138.59.18.180,SUTEL Local,4.743337631225586,True,Ping SUTEL Local Costa Rica
OLT Punto Rojo 1,2025-08-21T12:11:31.500666,138.59.18.180,SUTEL Local,5.166053771972656,True,Ping SUTEL Local Costa Rica
OLT Punto Rojo 1,2025-08-21T12:12:31.567973,138.59.18.180,SUTEL Local,5.369901657104492,True,Ping SUTEL Local Costa Rica
OLT Punto Rojo 1,2025-08-21T12:13:31.620305,138.59.18.180,SUTEL Local,4.961967468261719,True,Ping SUTEL Local Costa Rica
OLT Punto Rojo 1,2025-08-21T12:14:31.677480,138.59.18.180,SUTEL Local,5.214452743530273,True,Ping SUTEL Local Costa Rica
OLT Punto Rojo 1,2025-08-21T12:15:31.740082,138.59.18.180,SUTEL Local,5.258798599243164,True,Ping SUTEL Local Costa Rica
OLT Punto Rojo 1,2025-08-21T12:16:31.799474,138.59.18.180,SUTEL Local,4.117012023925781,True,Ping SUTEL Local Costa Rica
OLT Punto Rojo 1,2025-08-21T12:17:31.863697,138.59.18.180,SUTEL Local,4.940271377563477,True,Ping SUTEL Local Costa Rica
OLT Punto Rojo 1,2025-08-21T12:18:31.917227,138.59.18.180,SUTEL Local,5.390405654907227,True,Ping SUTEL Local Costa Rica
OLT Punto Rojo 1,2025-08-21T12:19:31.976077,138.59.18.180,SUTEL Local,5.082130432128906,True,Ping SUTEL Local Costa Rica
OLT Punto Rojo 1,2025-08-21T12:20:32.031173,138.59.18.180,SUTEL Local,4.906177520751953,True,Ping SUTEL Local Costa Rica
OLT Punto Rojo 1,2025-08-21T12:21:32.098188,138.59.18.180,SUTEL Local,4.863739013671875,True,Ping SUTEL Local Costa Rica
OLT Punto Rojo 1,2025-08-21T12:22:32.154719,138.59.18.180,SUTEL Local,3.699779510498047,True,Ping SUTEL Local Costa Rica
OLT Punto Rojo 1,2025-08-21T12:23:32.216092,138.59.18.180,SUTEL Local,4.9648284912109375,True,Ping SUTEL Local Costa Rica
OLT Punto Rojo 1,2025-08-21T12:24:32.270240,138.59.18.180,SUTEL Local,4.947662353515625,True,Ping SUTEL Local Costa Rica
OLT Punto Rojo 1,2025-08-21T12:25:32.320672,138.59.18.180,SUTEL Local,5.021572113037109,True,Ping SUTEL Local Costa Rica
OLT Punto Rojo 1,2025-08-21T12:26:32.379040,138.59.18.180,SUTEL Local,5.2032470703125,True,Ping SUTEL Local Costa Rica
OLT Punto Rojo 1,2025-08-21T12:27:32.435445,138.59.18.180,SUTEL Local,4.7454833984375,True,Ping SUTEL Local Costa Rica
OLT Punto Rojo 1,2025-08-21T12:28:32.491168,138.59.18.180,SUTEL Local,5.036354064941406,True,Ping SUTEL Local Costa Rica
OLT Punto Rojo 1,2025-08-21T12:29:32.548895,138.59.18.180,SUTEL Local,4.855871200561523,True,Ping SUTEL Local Costa Rica
OLT Punto Rojo 1,2025-08-21T12:30:32.603244,138.59.18.180,SUTEL Local,4.852056503295898,True,Ping SUTEL Local Costa Rica
OLT Punto Rojo 1,2025-08-21T12:31:32.662723,138.59.18.180,SUTEL Local,5.167722702026367,True,Ping SUTEL Local Costa Rica
OLT Punto Rojo 1,2025-08-21T12:32:32.720749,138.59.18.180,SUTEL Local,8.222103118896484,True,Ping SUTEL Local Costa Rica
OLT Punto Rojo 1,2025-08-21T12:33:37.740880,138.59.18.180,SUTEL Local,5.13148307800293,True,Ping SUTEL Local Costa Rica
